SKU,Product_Category,Unit_Cost,Lead_Time_Days,Ordering_Cost,Holding_Cost_Per_Unit_Year
Product_1359,Category_019,0.61,4,2951,375.96
Product_0083,Category_019,1.15,14,2644,435.32
Product_1248,Category_019,1.1,7,1206,437.39
Product_1295,Category_019,2.0,4,2220,430.33
Product_1432,Category_019,2.36,2,4024,324.65
Product_1241,Category_019,2.43,4,3239,324.66
Product_1286,Category_019,2.46,5,4174,272.16
Product_1287,Category_019,2.65,11,3356,326.46
Product_1451,Category_019,2.89,14,1546,351.61
Product_1274,Category_019,3.14,4,1952,237.42
Product_1378,Category_019,3.12,6,3473,260.14
Product_1382,Category_019,2.91,10,1019,229.22
Product_1245,Category_019,2.81,14,3398,245.67
Product_1480,Category_019,2.92,12,3313,425.67
Product_1341,Category_019,3.29,14,3651,414.32
Product_1264,Category_019,3.56,6,5624,434.62
Product_1294,Category_019,3.32,8,881,423.86
Product_1263,Category_019,3.66,12,4378,264.27
Product_1453,Category_019,3.6,5,5043,404.32
Product_1350,Category_019,3.58,5,5665,441.41
Product_1016,Category_007,4.16,8,2671,333.12
Product_1342,Category_019,4.26,8,4559,341.73
Product_1360,Category_019,4.0,11,3742,327.33
Product_1570,Category_019,4.55,6,2581,257.15
Product_1377,Category_019,4.63,4,4142,374.01
Product_1502,Category_019,5.91,4,2022,425.71
Product_1157,Category_006,4.54,6,3782,374.89
Product_1152,Category_006,5.58,7,3629,356.05
Product_0033,Category_005,6.37,6,939,320.16
Product_1403,Category_019,6.75,9,3106,403.0
Product_1394,Category_019,7.87,2,3550,386.32
Product_1278,Category_019,7.41,9,921,341.64
Product_1574,Category_019,7.49,3,3388,243.0
Product_1361,Category_033,9.21,9,3244,289.77
Product_1267,Category_019,8.42,7,3544,370.34
Product_1166,Category_006,8.9,11,3270,318.75
Product_1431,Category_019,8.32,4,1660,240.47
Product_1526,Category_019,8.89,8,2858,446.18
Product_1470,Category_019,9.25,8,5216,254.98
Product_1554,Category_019,10.12,11,1522,386.9
Product_1825,Category_006,9.78,5,4459,372.46
Product_1356,Category_019,9.55,4,4028,443.6
Product_1381,Category_019,9.33,11,3962,258.31
Product_1393,Category_019,10.74,11,2273,297.98
Product_1456,Category_019,10.6,9,4530,365.11
Product_1234,Category_019,11.66,5,5687,434.81
Product_1452,Category_019,12.46,11,903,313.08
Product_1242,Category_019,17.51,6,4920,373.06
Product_1410,Category_019,12.12,11,3075,354.26
Product_0094,Category_019,15.39,7,975,391.83
Product_1250,Category_019,14.15,8,4741,254.06
Product_1281,Category_019,11.19,7,1322,239.16
Product_1970,Category_005,14.01,2,3453,406.06
Product_1355,Category_019,14.65,13,2999,290.26
Product_0931,Category_006,12.76,6,4142,364.83
Product_1158,Category_006,17.97,9,4232,270.85
Product_1886,Category_007,14.59,6,4777,334.51
Product_1555,Category_019,18.01,10,1295,369.08
Product_1839,Category_006,17.99,5,5532,445.27
Product_1496,Category_019,15.83,7,3032,356.41
Product_1316,Category_019,16.34,3,1515,262.91
Product_0066,Category_019,16.22,3,1899,379.81
Product_1396,Category_019,15.99,7,3004,386.26
Product_1439,Category_019,16.56,2,1649,397.96
Product_1149,Category_006,16.6,5,4490,301.43
Product_0071,Category_019,18.75,10,2628,227.75
Product_1159,Category_006,15.2,4,3811,430.47
Product_1150,Category_006,17.47,9,1323,234.53
Product_0936,Category_006,18.22,11,4719,412.86
Product_0064,Category_019,18.39,12,2014,357.59
Product_1521,Category_019,18.34,8,5300,237.97
Product_1156,Category_006,18.73,8,3129,393.47
Product_1520,Category_019,21.55,6,5030,413.84
Product_1290,Category_019,16.73,14,2959,230.83
Product_0933,Category_006,16.56,10,1786,296.77
Product_1262,Category_019,21.2,12,3529,393.19
Product_0084,Category_019,19.7,7,3976,402.27
Product_1512,Category_019,20.24,6,3542,237.09
Product_1407,Category_019,24.46,6,2771,367.56
Product_1513,Category_019,20.26,10,3644,410.33
Product_1018,Category_007,22.96,6,3976,255.97
Product_1282,Category_033,19.01,12,3724,437.51
Product_1375,Category_019,20.45,3,4349,434.87
Product_1279,Category_019,22.53,5,5097,246.74
Product_1216,Category_019,21.07,11,2499,304.8
Product_1430,Category_019,27.59,13,2138,361.26
Product_1904,Category_019,22.8,10,2334,246.55
Product_1315,Category_019,24.59,12,5170,306.57
Product_1233,Category_019,32.98,5,4209,226.37
Product_0082,Category_019,23.71,5,2120,364.43
Product_0063,Category_019,22.22,7,818,325.09
Product_1581,Category_005,21.86,6,5063,363.67
Product_1479,Category_019,24.85,4,4249,282.86
Product_1269,Category_019,25.55,13,5617,239.3
Product_1299,Category_019,25.22,6,3434,392.82
Product_1450,Category_019,24.2,3,5755,235.82
Product_0070,Category_019,26.62,2,4059,303.82
Product_0982,Category_028,39.68,11,1856,361.89
Product_1463,Category_019,28.9,11,2278,325.1
Product_1508,Category_019,30.2,2,1303,290.5
Product_1388,Category_019,25.54,14,4115,377.27
Product_1465,Category_019,30.0,8,1979,306.09
Product_1151,Category_006,21.08,9,4735,420.47
Product_1823,Category_006,27.3,8,5827,238.72
Product_1135,Category_005,32.63,9,3477,360.51
Product_1246,Category_019,27.6,7,4463,411.75
Product_1817,Category_006,32.33,11,5757,418.78
Product_1237,Category_019,24.79,3,2883,408.91
Product_1435,Category_019,26.99,13,1528,363.28
Product_1048,Category_006,27.77,6,3892,422.06
Product_1312,Category_019,37.63,2,4950,250.36
Product_1165,Category_006,27.52,11,2126,359.02
Product_1023,Category_007,32.97,8,5607,409.96
Product_0985,Category_028,37.15,3,5337,376.86
Product_1195,Category_019,38.74,13,4670,400.3
Product_1348,Category_019,30.19,12,2504,308.11
Product_0096,Category_019,36.41,13,2301,432.08
Product_1270,Category_019,36.72,13,2614,379.2
Product_1624,Category_019,32.78,10,2224,340.6
Product_0979,Category_028,37.47,3,5535,344.36
Product_1224,Category_019,45.18,6,4908,388.64
Product_1567,Category_019,37.61,5,1161,394.4
Product_0021,Category_005,29.55,6,1218,415.39
Product_1418,Category_019,33.04,7,946,237.95
Product_1787,Category_006,37.85,4,1503,364.69
Product_0990,Category_028,40.38,9,2968,394.49
Product_0002,Category_005,51.76,2,1465,263.67
Product_1483,Category_019,37.01,6,3520,363.42
Product_0098,Category_019,34.15,5,1778,436.44
Product_1548,Category_019,53.05,10,3712,260.08
Product_0031,Category_005,43.33,9,1814,379.32
Product_0077,Category_019,43.11,8,3869,342.08
Product_2042,Category_019,44.45,5,4123,273.6
Product_1222,Category_019,28.45,8,1103,299.52
Product_1047,Category_006,33.23,6,1291,394.14
Product_1766,Category_005,44.72,14,4814,375.17
Product_1153,Category_006,33.24,5,5668,292.08
Product_0072,Category_019,35.26,12,1705,253.27
Product_1162,Category_006,39.95,8,4595,371.46
Product_0073,Category_019,52.35,11,4446,349.54
Product_0424,Category_019,46.17,4,3722,253.0
Product_1354,Category_019,51.29,4,3274,348.89
Product_1812,Category_006,48.65,10,2446,429.29
Product_2034,Category_006,41.75,11,2094,280.73
Product_1493,Category_019,52.76,4,1494,420.21
Product_1402,Category_019,48.51,3,2832,321.01
Product_0829,Category_006,39.94,7,4556,275.74
Product_0998,Category_028,43.55,11,5523,236.72
Product_0943,Category_005,49.85,10,3256,244.79
Product_0089,Category_019,47.73,8,2519,364.17
Product_1556,Category_019,42.28,13,5531,402.24
Product_1397,Category_019,50.1,11,3433,438.88
Product_1399,Category_019,47.16,14,5676,291.29
Product_1788,Category_006,54.69,2,4296,404.82
Product_1363,Category_033,46.8,10,2309,303.8
Product_1349,Category_019,60.98,14,4976,225.24
Product_1458,Category_019,55.96,13,5555,355.59
Product_0374,Category_030,66.58,4,2453,382.48
Product_1163,Category_006,57.75,12,5869,428.48
Product_1387,Category_019,56.67,9,4608,446.0
Product_1256,Category_019,68.35,10,5147,411.0
Product_0093,Category_019,59.32,13,5021,238.23
Product_0016,Category_005,62.78,6,5095,405.04
Product_1380,Category_019,57.57,4,1167,422.83
Product_1991,Category_005,62.09,6,3460,320.57
Product_1374,Category_019,64.45,3,2656,264.3
Product_1314,Category_019,45.89,8,3752,421.85
Product_2043,Category_019,52.85,10,3189,352.14
Product_1372,Category_019,52.24,3,3069,306.87
Product_1134,Category_005,61.95,7,3745,257.94
Product_1154,Category_006,50.9,7,1901,240.62
Product_1455,Category_019,56.83,10,2656,309.5
Product_1392,Category_019,55.67,12,1180,311.53
Product_1466,Category_019,80.46,5,1004,289.97
Product_0065,Category_019,48.01,2,1125,344.93
Product_1469,Category_019,43.36,12,1249,404.88
Product_1818,Category_006,70.48,3,1416,409.24
Product_0012,Category_005,58.55,5,4750,284.25
Product_0981,Category_028,45.49,5,3609,353.81
Product_1969,Category_005,41.16,13,1535,389.97
Product_1573,Category_019,53.92,2,2902,236.96
Product_1438,Category_019,62.01,7,1859,390.34
Product_1459,Category_019,56.27,14,3231,243.28
Product_0109,Category_006,60.92,8,3314,352.92
Product_1637,Category_019,62.15,3,4071,264.15
Product_0202,Category_007,67.66,9,5063,354.56
Product_0108,Category_006,66.82,7,2599,253.04
Product_1243,Category_019,64.95,8,2647,321.06
Product_1247,Category_019,54.34,2,4015,270.94
Product_0837,Category_019,67.38,5,3317,360.59
Product_1464,Category_019,49.76,2,5867,357.92
Product_1198,Category_019,68.43,8,3143,327.49
Product_1273,Category_019,54.26,5,869,391.49
Product_1429,Category_019,80.78,4,826,413.02
Product_0079,Category_019,48.49,6,1561,283.18
Product_2015,Category_005,65.32,7,2935,318.51
Product_1523,Category_019,57.04,5,2809,398.76
Product_1309,Category_019,65.09,2,4007,282.35
Product_0018,Category_005,64.12,7,936,240.65
Product_1376,Category_019,65.68,10,5283,280.6
Product_1268,Category_019,58.56,8,1464,268.18
Product_0932,Category_006,47.53,2,1544,351.67
Product_1239,Category_019,70.02,13,4240,360.23
Product_1461,Category_019,84.22,14,5370,266.11
Product_1164,Category_006,64.03,12,1944,433.87
Product_1101,Category_032,75.67,13,1596,396.54
Product_1997,Category_005,65.45,9,1313,305.82
Product_1147,Category_006,92.23,7,2094,411.62
Product_1437,Category_019,60.42,11,5183,361.73
Product_0387,Category_030,88.45,9,2511,348.6
Product_1571,Category_019,63.98,8,2308,335.97
Product_0980,Category_028,68.75,12,2408,426.36
Product_1404,Category_019,73.29,8,3940,356.54
Product_0677,Category_011,89.11,11,5011,424.98
Product_1478,Category_019,90.34,8,5182,381.61
Product_2044,Category_019,60.99,5,5398,257.84
Product_1244,Category_019,88.64,8,3354,389.63
Product_1357,Category_019,90.42,2,4878,364.88
Product_1347,Category_019,120.53,12,1473,361.5
Product_1398,Category_019,70.89,4,2244,352.95
Product_1826,Category_006,85.05,11,4715,417.18
Product_0984,Category_028,81.55,8,2451,252.54
Product_1288,Category_019,73.78,3,4847,353.95
Product_0930,Category_006,77.99,14,5556,414.62
Product_1824,Category_006,75.43,5,4649,337.2
Product_1253,Category_019,78.34,12,4235,391.22
Product_0941,Category_005,84.51,9,4823,287.28
Product_1419,Category_019,108.44,9,5414,359.54
Product_2004,Category_005,82.13,4,2099,269.64
Product_1835,Category_006,106.2,6,2262,260.19
Product_1344,Category_019,87.86,3,3633,413.91
Product_0556,Category_030,105.44,6,5072,431.17
Product_1460,Category_019,112.0,14,4507,322.79
Product_1485,Category_019,115.69,14,5608,306.38
Product_1424,Category_019,102.69,10,5736,289.55
Product_0085,Category_019,80.26,13,867,417.07
Product_2035,Category_006,89.04,10,4507,259.96
Product_1643,Category_019,67.43,7,4527,403.16
Product_1846,Category_006,107.93,11,3931,251.28
Product_1266,Category_019,115.17,4,5793,265.11
Product_0418,Category_019,136.76,3,3309,273.39
Product_1304,Category_019,81.41,12,1618,418.6
Product_1215,Category_019,95.36,7,3279,389.1
Product_1000,Category_028,114.48,8,5428,241.42
Product_0929,Category_006,113.34,3,4296,276.16
Product_2033,Category_006,102.15,6,969,359.7
Product_2032,Category_006,84.26,9,4121,310.95
Product_1346,Category_019,110.87,2,2207,292.02
Product_1284,Category_019,91.82,2,4196,378.65
Product_2036,Category_006,81.55,7,900,345.01
Product_1841,Category_006,98.44,6,1741,254.91
Product_0086,Category_019,117.16,2,5053,314.31
Product_1603,Category_030,109.38,14,4704,329.18
Product_1400,Category_019,89.25,12,2707,335.14
Product_1167,Category_006,93.71,2,4568,306.84
Product_1967,Category_005,119.66,11,1060,298.43
Product_2001,Category_005,114.4,13,1202,343.76
Product_0368,Category_030,125.47,11,3734,314.41
Product_1148,Category_006,108.88,8,3730,287.35
Product_0062,Category_019,79.03,14,1245,315.67
Product_1366,Category_019,118.84,8,4504,422.78
Product_1369,Category_019,97.89,8,1007,375.83
Product_0355,Category_005,112.05,5,5451,430.37
Product_1385,Category_019,97.54,11,3443,298.35
Product_0011,Category_005,104.9,6,5672,386.55
Product_0407,Category_019,129.5,12,852,301.58
Product_1220,Category_006,112.42,2,2093,285.22
Product_0074,Category_019,118.39,12,5846,302.46
Product_2010,Category_005,106.28,13,3264,413.95
Product_1235,Category_019,111.65,5,2725,370.35
Product_0427,Category_019,119.97,3,3654,423.47
Product_1420,Category_019,116.53,9,4314,321.56
Product_1981,Category_005,104.21,4,1695,351.42
Product_0357,Category_005,108.42,5,921,423.8
Product_1408,Category_019,173.73,8,4982,430.93
Product_1001,Category_028,153.99,2,2079,241.47
Product_0942,Category_005,109.48,4,2961,303.48
Product_1416,Category_019,101.42,9,3243,252.88
Product_1401,Category_019,42.42,13,5200,204.11
Product_1539,Category_019,173.53,6,5296,423.35
Product_1833,Category_006,117.44,8,4903,252.11
Product_0020,Category_005,106.76,6,5952,344.42
Product_0366,Category_030,213.87,2,5661,265.91
Product_2046,Category_019,132.44,11,1841,250.52
Product_0408,Category_019,82.94,8,4224,237.04
Product_1423,Category_019,108.96,5,1946,384.95
Product_0146,Category_005,167.16,14,3984,230.9
Product_1467,Category_019,122.58,4,3806,270.66
Product_0145,Category_005,124.94,4,4969,426.66
Product_0831,Category_019,133.56,14,5558,350.68
Product_0099,Category_019,114.89,13,1522,240.21
Product_1568,Category_019,112.47,3,2170,244.33
Product_1409,Category_019,119.05,10,1551,318.09
Product_1352,Category_019,105.19,5,4046,359.65
Product_1427,Category_019,121.25,11,2245,175.36
Product_0420,Category_019,161.63,5,4258,329.33
Product_0081,Category_019,137.48,11,4689,225.69
Product_1489,Category_019,136.6,8,2417,262.11
Product_1977,Category_005,128.75,9,1209,234.71
Product_1515,Category_019,97.04,5,5063,239.24
Product_1832,Category_006,166.91,9,1505,365.87
Product_0975,Category_028,190.81,13,4766,376.63
Product_2047,Category_019,104.16,9,4475,334.25
Product_1289,Category_019,148.4,9,4152,449.74
Product_1486,Category_019,115.79,10,5738,348.56
Product_1371,Category_019,120.66,8,4934,434.12
Product_1217,Category_019,147.07,12,2900,261.77
Product_0191,Category_007,118.86,7,5679,276.4
Product_1078,Category_020,127.89,12,3881,386.93
Product_1652,Category_019,126.76,5,1524,331.51
Product_0379,Category_030,209.36,7,5291,443.98
Product_1580,Category_005,130.83,6,1765,305.64
Product_1221,Category_006,167.45,8,4976,399.31
Product_1988,Category_005,121.95,12,974,302.78
Product_0036,Category_005,132.4,8,3330,395.31
Product_1765,Category_005,137.35,5,2646,237.84
Product_1578,Category_019,231.68,6,1179,330.75
Product_1601,Category_030,155.5,9,4084,408.3
Product_1519,Category_019,115.78,7,3267,388.24
Product_1213,Category_019,88.47,8,1586,145.46
Product_1345,Category_019,130.04,10,2287,394.24
Product_0178,Category_007,197.8,3,3280,308.54
Product_1820,Category_006,140.81,12,3007,251.74
Product_1906,Category_019,200.0,7,4225,335.61
Product_1905,Category_019,140.19,11,3863,405.08
Product_1368,Category_019,173.46,5,5925,299.9
Product_0962,Category_005,100.23,9,1717,386.2
Product_1454,Category_019,169.57,10,2976,401.39
Product_1373,Category_019,178.91,12,2271,247.77
Product_1629,Category_019,155.49,2,3001,403.6
Product_2045,Category_019,70.22,6,5802,339.69
Product_2048,Category_019,155.14,10,2364,295.11
Product_1436,Category_019,88.09,4,2727,227.34
Product_2006,Category_005,173.47,7,3596,386.88
Product_1540,Category_019,70.41,8,5307,371.37
Product_1541,Category_019,118.73,3,1709,297.57
Product_0937,Category_006,194.91,8,5818,426.58
Product_1505,Category_019,117.77,13,2746,345.24
Product_0422,Category_019,46.93,14,3490,405.6
Product_1353,Category_019,148.91,12,3991,359.98
Product_1391,Category_019,162.98,9,2028,338.87
Product_0025,Category_005,134.43,9,5293,440.14
Product_1030,Category_028,172.09,12,5611,245.95
Product_1285,Category_019,175.97,8,3629,253.87
Product_1577,Category_019,185.76,3,2671,434.66
Product_1240,Category_019,215.82,14,5052,305.39
Product_1838,Category_006,199.98,11,5045,438.47
Product_1362,Category_033,88.98,6,2284,239.48
Product_1813,Category_006,123.95,3,5218,353.69
Product_1280,Category_019,252.43,9,1598,367.33
Product_1199,Category_019,196.83,13,1622,434.29
Product_1422,Category_019,147.49,5,2587,235.6
Product_0415,Category_019,189.48,2,2291,286.41
Product_1104,Category_006,222.06,12,4236,356.29
Product_1155,Category_006,115.32,8,5515,387.77
Product_1297,Category_019,203.74,11,1199,257.22
Product_1564,Category_019,264.31,13,987,233.28
Product_0411,Category_030,136.75,12,3165,270.15
Product_1008,Category_006,174.71,12,1898,309.4
Product_1005,Category_006,168.13,9,2100,429.97
Product_1510,Category_019,142.14,11,3186,427.65
Product_1582,Category_005,153.22,8,1792,304.1
Product_1236,Category_019,111.46,12,5798,438.9
Product_1383,Category_019,185.76,5,5787,337.78
Product_0996,Category_028,293.46,8,1905,263.28
Product_1272,Category_019,165.83,11,4430,248.9
Product_1507,Category_019,296.78,9,4276,393.63
Product_1219,Category_019,206.84,11,2431,409.08
Product_0553,Category_030,178.25,2,2167,372.49
Product_0558,Category_030,51.21,12,4397,442.56
Product_0032,Category_005,149.99,14,3959,340.16
Product_1017,Category_007,206.02,8,5195,288.85
Product_0385,Category_030,250.04,7,3849,289.52
Product_0973,Category_028,181.73,11,3037,311.61
Product_1495,Category_019,184.81,6,1800,263.99
Product_1821,Category_006,227.49,10,4960,353.06
Product_0095,Category_019,54.31,2,4751,414.01
Product_1740,Category_030,169.71,10,4550,393.04
Product_0425,Category_019,198.9,3,4363,318.76
Product_1482,Category_019,238.99,10,4503,412.26
Product_0128,Category_019,247.5,12,4530,346.92
Product_1785,Category_006,208.31,11,4718,398.88
Product_1472,Category_019,250.32,3,5630,319.17
Product_2027,Category_005,277.1,11,3537,224.95
Product_0209,Category_007,301.24,6,5761,295.8
Product_1999,Category_005,192.2,13,4887,321.93
Product_1501,Category_019,192.83,11,4465,398.1
Product_1635,Category_019,302.98,11,1162,415.24
Product_1524,Category_019,413.82,14,3668,348.86
Product_0832,Category_019,282.36,13,5477,252.06
Product_1440,Category_019,215.03,7,1379,238.27
Product_0928,Category_006,199.73,10,1878,233.97
Product_1275,Category_019,257.18,9,4369,407.2
Product_0935,Category_006,134.05,10,1353,299.52
Product_2019,Category_005,343.78,4,4332,358.82
Product_1527,Category_019,128.13,10,1726,379.36
Product_1492,Category_019,234.72,2,5332,308.26
Product_1468,Category_019,235.82,12,5931,430.17
Product_1209,Category_019,243.8,13,865,234.19
Product_0552,Category_030,272.67,3,4734,287.02
Product_0356,Category_005,258.92,9,1001,369.85
Product_0019,Category_005,288.94,14,1100,267.02
Product_0038,Category_005,206.13,8,1924,332.67
Product_1190,Category_019,272.48,4,2409,274.3
Product_1298,Category_019,168.64,13,2424,317.72
Product_1481,Category_019,241.14,11,3482,372.86
Product_1210,Category_019,296.24,13,5624,378.41
Product_0100,Category_019,264.7,13,4899,331.66
Product_0035,Category_005,197.06,2,3677,347.11
Product_1648,Category_019,270.04,5,1852,348.63
Product_0413,Category_019,239.55,14,5762,331.6
Product_1572,Category_019,224.02,8,4175,278.93
Product_1514,Category_019,283.75,6,4401,246.87
Product_1819,Category_006,249.42,10,2854,327.48
Product_0557,Category_030,184.21,11,993,356.69
Product_0107,Category_006,235.45,2,4170,253.67
Product_0014,Category_005,207.31,4,5038,229.68
Product_1980,Category_005,245.86,5,4488,380.1
Product_1651,Category_019,254.0,2,4193,340.34
Product_1972,Category_005,327.66,10,3448,305.65
Product_0214,Category_007,170.1,6,974,200.3
Product_2011,Category_005,211.14,2,4531,219.62
Product_1593,Category_030,355.58,3,5308,244.72
Product_1966,Category_005,258.65,9,4059,378.2
Product_1503,Category_019,297.94,6,3557,347.77
Product_1351,Category_019,240.41,4,4105,348.67
Product_0376,Category_030,288.78,5,2600,417.86
Product_1789,Category_006,359.72,11,5608,311.75
Product_0934,Category_006,262.14,9,1854,434.12
Product_1013,Category_005,189.01,13,1358,351.19
Product_0225,Category_007,141.1,2,1510,311.53
Product_1494,Category_019,147.26,12,3637,308.93
Product_0986,Category_028,145.43,6,1231,423.08
Product_1173,Category_006,323.44,5,1898,424.01
Product_1733,Category_030,219.54,2,4172,358.78
Product_1810,Category_006,324.03,8,4204,379.76
Product_0398,Category_030,158.51,4,5313,299.46
Product_1106,Category_006,247.85,10,2052,279.32
Product_0054,Category_019,214.51,12,5026,273.69
Product_1560,Category_019,379.87,7,3847,266.21
Product_1265,Category_019,352.85,3,1813,344.34
Product_0037,Category_005,271.77,12,4439,400.37
Product_1276,Category_019,231.81,2,2488,245.09
Product_1587,Category_030,373.39,2,1908,343.58
Product_1271,Category_019,307.04,2,4027,249.91
Product_0940,Category_005,229.38,6,3914,399.08
Product_2008,Category_005,252.46,3,3077,365.15
Product_1211,Category_019,311.62,10,2030,270.27
Product_1191,Category_019,271.62,14,3815,381.76
Product_1414,Category_019,272.56,2,1223,426.89
Product_1623,Category_019,410.5,6,5949,394.86
Product_1973,Category_005,123.1,6,2587,288.68
Product_0126,Category_019,77.02,14,2061,391.88
Product_0976,Category_028,326.87,12,2346,237.22
Product_0401,Category_030,305.49,3,1648,286.41
Product_0044,Category_005,256.97,11,3810,417.77
Product_0193,Category_007,347.66,13,2425,262.04
Product_0069,Category_019,301.76,3,1295,271.07
Product_0479,Category_005,264.24,8,1496,244.45
Product_1744,Category_030,369.93,3,5897,263.09
Product_1561,Category_019,181.92,5,2024,439.65
Product_1739,Category_030,205.79,12,2486,227.1
Product_1227,Category_019,243.05,4,1957,440.99
Product_1421,Category_019,209.92,3,841,198.41
Product_0001,Category_005,367.99,5,1008,240.11
Product_1447,Category_019,308.01,9,1875,375.46
Product_1878,Category_005,171.06,10,4008,310.03
Product_1509,Category_019,187.56,2,5027,183.33
Product_0023,Category_005,241.47,6,4580,231.86
Product_0017,Category_005,313.93,7,1703,257.28
Product_1831,Category_006,518.38,10,1417,227.28
Product_0008,Category_005,111.11,5,993,411.33
Product_1306,Category_019,156.61,12,4263,339.59
Product_1232,Category_019,383.35,2,4079,401.72
Product_1542,Category_019,307.73,7,2599,428.92
Product_1653,Category_019,255.49,11,4373,192.0
Product_1885,Category_007,128.07,5,4677,420.76
Product_0129,Category_019,332.11,8,2474,373.38
Product_1218,Category_019,475.41,9,1259,275.96
Product_1484,Category_019,118.97,10,5166,420.49
Product_1528,Category_019,139.52,14,2385,248.43
Product_0392,Category_030,351.82,14,2735,436.19
Product_2014,Category_019,131.96,6,832,178.51
Product_0390,Category_030,319.93,13,2870,340.24
Product_1633,Category_019,226.22,9,1781,317.26
Product_0080,Category_019,519.77,3,5232,409.44
Product_1002,Category_028,425.08,3,4333,326.52
Product_0690,Category_011,428.47,8,3117,329.76
Product_1901,Category_019,96.84,6,3467,232.44
Product_1543,Category_019,118.96,7,2214,292.21
Product_1738,Category_030,303.23,3,1256,329.79
Product_1986,Category_005,412.87,5,3550,301.21
Product_1600,Category_030,464.38,10,5786,422.83
Product_0367,Category_019,127.85,14,3299,299.58
Product_1516,Category_019,332.99,7,1619,337.46
Product_1533,Category_019,309.98,7,2813,247.57
Product_1900,Category_019,390.06,13,4371,268.18
Product_0987,Category_028,170.71,7,3410,434.05
Product_0997,Category_028,723.62,7,5553,229.44
Product_1735,Category_030,430.06,5,5024,399.87
Product_0194,Category_007,170.06,5,3892,218.76
Product_0949,Category_005,348.85,3,1180,357.64
Product_0206,Category_007,173.84,6,3573,97.91
Product_1992,Category_005,235.27,14,3266,179.43
Product_1204,Category_019,179.89,9,2587,322.59
Product_1987,Category_005,414.0,12,4938,328.55
Product_1636,Category_019,174.19,13,1545,295.35
Product_0097,Category_019,348.91,4,4416,247.9
Product_1225,Category_019,462.12,4,5134,330.42
Product_0561,Category_030,420.54,2,4127,393.66
Product_1612,Category_005,480.08,9,5723,373.41
Product_1133,Category_030,92.81,13,4119,257.69
Product_0845,Category_021,71.7,8,2505,324.27
Product_1628,Category_019,382.24,9,1269,342.82
Product_1547,Category_019,412.81,7,2437,426.53
Product_1848,Category_006,494.42,5,5997,264.11
Product_0870,Category_023,262.26,6,5746,264.25
Product_2021,Category_005,280.92,14,1999,337.12
Product_1015,Category_007,119.32,12,5392,248.16
Product_0078,Category_019,427.46,13,4302,404.56
Product_1303,Category_019,532.31,4,1062,297.77
Product_1511,Category_019,246.41,11,5382,417.17
Product_1621,Category_019,448.0,14,1473,411.83
Product_1475,Category_019,440.62,7,3463,234.19
Product_0381,Category_030,437.76,6,1452,293.32
Product_1443,Category_019,426.78,9,3824,265.45
Product_1446,Category_019,427.59,11,2944,250.47
Product_1784,Category_006,33.8,3,3485,279.15
Product_1193,Category_019,89.36,6,5261,267.51
Product_1641,Category_019,420.36,10,5953,280.84
Product_1518,Category_019,101.47,12,955,168.85
Product_1021,Category_005,616.7,5,992,278.08
Product_0470,Category_005,211.23,3,2718,332.66
Product_0215,Category_007,113.48,4,978,254.24
Product_1007,Category_006,638.84,5,2566,325.96
Product_1160,Category_006,222.65,8,5499,394.46
Product_0053,Category_019,164.94,11,5598,429.7
Product_1370,Category_019,544.28,3,4755,258.59
Product_0433,Category_006,298.56,4,2196,263.55
Product_1532,Category_019,141.0,2,3633,182.94
Product_0034,Category_005,147.6,14,2074,221.34
Product_1367,Category_019,104.04,3,4365,103.98
Product_0088,Category_019,517.74,7,1189,306.52
Product_1626,Category_019,533.09,5,2593,377.78
Product_1729,Category_005,320.86,6,3009,143.34
Product_1308,Category_019,200.21,14,4073,178.08
Product_2017,Category_005,433.96,5,991,258.46
Product_0478,Category_005,270.38,5,5987,291.81
Product_1128,Category_030,551.04,4,5013,298.83
Product_1442,Category_019,496.38,8,1423,319.79
Product_1010,Category_005,323.15,2,1468,290.89
Product_2138,Category_009,280.17,12,4330,191.64
Product_2050,Category_011,472.91,7,2117,322.59
Product_0551,Category_030,320.29,11,4436,243.43
Product_0226,Category_007,105.57,3,2989,123.28
Product_0195,Category_007,403.65,8,1701,256.07
Product_1610,Category_030,510.63,13,5943,341.86
Product_1384,Category_019,248.5,10,5423,412.05
Product_1632,Category_019,385.89,7,1622,303.92
Product_1734,Category_030,254.12,6,2103,404.54
Product_0421,Category_019,390.32,7,3695,383.95
Product_1782,Category_006,280.05,5,5455,294.84
Product_1780,Category_006,707.58,9,1016,260.01
Product_0013,Category_005,429.84,5,2138,258.28
Product_1546,Category_019,329.64,12,1878,378.19
Product_1971,Category_005,388.86,13,1544,387.22
Product_1522,Category_019,346.62,11,2274,363.62
Product_1634,Category_019,594.18,9,3046,381.59
Product_1842,Category_006,213.49,13,4800,422.64
Product_1034,Category_028,215.38,13,5361,173.66
Product_1457,Category_019,474.64,2,3519,276.2
Product_1132,Category_030,278.86,7,1660,234.26
Product_1477,Category_019,208.95,9,1540,232.42
Product_0417,Category_019,88.91,11,5304,308.98
Product_0179,Category_007,330.0,9,5168,236.76
Product_1545,Category_019,215.68,3,1139,424.44
Product_0122,Category_021,433.33,12,3132,262.92
Product_1228,Category_019,152.23,9,2552,258.24
Product_1995,Category_019,430.45,7,1111,379.58
Product_1736,Category_030,311.33,10,3154,420.48
Product_0113,Category_006,217.36,2,1383,397.36
Product_1596,Category_030,783.88,13,2335,329.62
Product_1743,Category_030,888.76,13,1952,351.34
Product_1249,Category_019,264.54,9,5007,176.38
Product_1899,Category_019,282.6,10,2537,417.64
Product_1389,Category_019,76.77,7,4468,416.41
Product_1031,Category_028,725.02,13,3771,267.22
Product_0213,Category_007,306.21,7,3267,184.54
Product_1417,Category_019,737.03,2,5012,350.22
Product_1441,Category_019,245.7,2,5046,277.17
Product_1650,Category_019,486.42,13,1084,421.65
Product_1307,Category_019,456.01,8,4899,215.46
Product_0183,Category_007,489.18,7,3396,303.08
Product_0974,Category_028,287.31,10,5267,225.72
Product_1343,Category_019,212.28,7,2711,303.02
Product_1840,Category_006,163.94,5,5387,425.99
Product_1829,Category_006,408.53,7,3847,396.02
Product_1589,Category_030,185.25,14,2474,233.45
Product_0371,Category_030,470.1,6,4268,446.98
Product_0958,Category_005,85.68,11,957,307.43
Product_1474,Category_019,844.47,13,2124,343.88
Product_1003,Category_006,510.8,3,2838,280.15
Product_0015,Category_005,336.66,13,3355,269.05
Product_0885,Category_023,181.48,4,3403,350.01
Product_1009,Category_005,181.37,10,2537,174.51
Product_1731,Category_005,231.47,4,2116,196.47
Product_1746,Category_030,516.75,9,2963,408.89
Product_0127,Category_019,381.04,2,2647,279.63
Product_1449,Category_019,438.33,7,1608,385.07
Product_1968,Category_005,602.4,3,3022,431.65
Product_1500,Category_019,513.31,5,4743,268.94
Product_0101,Category_019,588.03,13,5000,414.06
Product_0871,Category_023,301.17,8,2040,355.8
Product_0905,Category_023,152.66,5,3092,233.55
Product_1445,Category_019,869.89,5,4137,241.0
Product_0004,Category_005,790.94,3,4638,365.65
Product_0087,Category_019,101.45,10,2259,334.27
Product_1415,Category_019,283.01,8,882,315.79
Product_1630,Category_019,919.72,7,3389,247.33
Product_1488,Category_019,804.21,5,4661,428.35
Product_1487,Category_019,686.19,8,4024,341.08
Product_1790,Category_006,72.68,5,4703,235.53
Product_0419,Category_019,256.97,5,5596,267.96
Product_1390,Category_019,195.14,7,3481,303.01
Product_1880,Category_005,297.6,8,1180,206.34
Product_0061,Category_019,310.67,14,2966,407.16
Product_1732,Category_005,654.41,8,3650,284.43
Product_1379,Category_019,229.75,6,4193,268.67
Product_1504,Category_019,284.88,9,1344,193.71
Product_1229,Category_019,173.17,10,1955,304.52
Product_0999,Category_028,137.44,11,3280,434.22
Product_1161,Category_006,452.34,3,1669,373.0
Product_1444,Category_019,695.95,8,5995,319.67
Product_1214,Category_019,318.97,2,5938,349.37
Product_2031,Category_005,836.13,10,1651,393.75
Product_0894,Category_023,229.1,3,4211,344.1
Product_1847,Category_024,449.44,8,2982,369.45
Product_0838,Category_019,79.72,10,4678,156.26
Product_1588,Category_030,414.03,8,5384,275.28
Product_0147,Category_005,1050.97,14,5373,342.45
Product_0989,Category_028,231.18,14,5422,114.7
Product_2041,Category_005,439.46,5,3589,294.06
Product_0200,Category_007,245.25,13,4461,85.63
Product_1302,Category_019,260.54,4,904,278.36
Product_1553,Category_019,378.66,2,1315,187.12
Product_0554,Category_030,280.03,13,2506,294.44
Product_1238,Category_019,195.43,2,4339,433.76
Product_1742,Category_030,314.86,14,5453,293.03
Product_2029,Category_005,252.39,10,2446,184.28
Product_2007,Category_005,330.6,14,2515,245.16
Product_1622,Category_019,68.02,8,4412,103.17
Product_2022,Category_005,233.85,4,1878,350.73
Product_1107,Category_006,724.91,4,4284,143.54
Product_0022,Category_005,492.87,6,5684,132.8
Product_1902,Category_019,743.1,5,5507,353.86
Product_0961,Category_005,297.08,2,4222,108.37
Product_1591,Category_030,654.91,3,4666,343.33
Product_1257,Category_019,614.97,7,2255,147.29
Product_0359,Category_005,225.33,2,1840,336.77
Product_1737,Category_030,298.96,13,5809,290.9
Product_1830,Category_006,1312.33,12,1884,383.23
Product_0952,Category_006,250.89,6,4983,246.13
Product_1226,Category_019,87.48,6,3465,94.69
Product_1300,Category_019,955.91,8,1726,237.13
Product_0090,Category_019,362.18,5,5145,238.26
Product_0964,Category_005,111.85,13,1069,349.08
Product_1536,Category_019,134.59,10,3038,240.43
Product_0143,Category_005,405.37,6,2596,387.81
Product_0391,Category_030,122.01,10,1502,273.46
Product_0991,Category_028,216.21,14,4307,293.06
Product_1535,Category_019,117.72,7,4819,125.11
Product_1386,Category_019,343.85,9,2745,253.84
Product_1254,Category_019,311.54,5,1241,298.07
Product_0204,Category_007,95.21,10,3314,190.46
Product_0550,Category_030,919.64,6,4331,321.89
Product_0950,Category_006,172.33,3,1926,209.27
Product_0217,Category_007,246.56,13,1333,138.47
Product_1843,Category_006,1467.09,8,2842,413.69
Product_1490,Category_019,278.67,6,998,124.9
Product_0123,Category_021,232.68,14,5761,92.23
Product_0897,Category_023,202.03,14,3491,289.82
Product_1022,Category_005,545.4,3,2598,405.06
Product_0007,Category_005,206.04,6,822,244.35
Product_0024,Category_005,76.77,3,1559,329.66
Product_0051,Category_005,123.54,3,4759,230.9
Product_0003,Category_005,195.79,14,5308,240.49
Product_0384,Category_030,281.69,9,2517,297.7
Product_1791,Category_006,111.09,8,3298,345.48
Product_1259,Category_019,347.87,4,2975,158.38
Product_1534,Category_019,224.04,14,4234,396.76
Product_1305,Category_019,150.8,4,3155,143.37
Product_2025,Category_005,250.96,14,4118,320.91
Product_0416,Category_019,1175.39,7,1521,448.83
Product_0287,Category_021,259.53,7,1303,107.05
Product_0201,Category_007,291.94,3,3686,178.77
Product_0685,Category_011,552.91,5,4477,281.01
Product_1609,Category_030,271.79,4,1848,365.73
Product_1903,Category_019,434.69,14,3087,243.74
Product_1576,Category_019,422.48,4,1284,392.55
Product_0219,Category_007,131.55,5,1632,159.31
Product_2082,Category_009,483.87,7,5728,94.94
Product_0841,Category_021,211.67,10,2321,167.16
Product_0863,Category_005,231.62,3,5987,347.4
Product_0026,Category_005,293.0,2,1549,101.07
Product_0068,Category_019,138.77,10,5901,209.73
Product_0618,Category_001,578.51,14,1699,79.83
Product_1552,Category_019,556.39,4,5108,430.66
Product_1127,Category_030,1494.82,11,4969,316.55
Product_1606,Category_030,218.68,7,1158,254.8
Product_1036,Category_005,238.36,14,1120,237.13
Product_2003,Category_019,1042.4,13,5925,344.56
Product_1473,Category_019,95.65,4,2992,100.32
Product_1425,Category_019,206.18,6,3684,221.32
Product_0879,Category_023,837.97,8,5931,290.36
Product_0992,Category_028,207.01,7,5373,282.89
Product_1006,Category_006,1771.13,12,2983,316.07
Product_2150,Category_005,219.17,3,2539,315.69
Product_2016,Category_005,143.56,10,5520,402.35
Product_1625,Category_019,324.04,10,5646,241.81
Product_0052,Category_005,307.93,11,2410,94.38
Product_0995,Category_028,256.32,10,1947,139.4
Product_1730,Category_005,219.24,10,3738,344.03
Product_0889,Category_023,324.09,5,3984,418.91
Product_0589,Category_032,229.44,8,4706,339.23
Product_1984,Category_005,153.75,5,2830,308.07
Product_1884,Category_007,326.47,6,1324,160.33
Product_0977,Category_028,338.46,10,5702,141.15
Product_1888,Category_007,106.34,3,5146,190.11
Product_2028,Category_005,376.33,5,5272,82.37
Product_0045,Category_005,280.0,11,1289,290.05
Product_1203,Category_019,808.72,12,2738,251.24
Product_1207,Category_019,224.36,7,2268,189.97
Product_0414,Category_019,149.66,2,972,233.77
Product_1448,Category_019,178.75,5,810,284.08
Product_0055,Category_019,729.71,11,5566,448.71
Product_0047,Category_005,443.44,8,1602,99.54
Product_0250,Category_007,308.96,12,937,108.53
Product_1200,Category_019,144.02,4,4706,136.51
Product_1607,Category_030,214.78,14,1041,250.69
Product_1998,Category_005,310.97,12,4390,308.59
Product_1194,Category_019,472.38,2,1241,112.46
Product_1255,Category_019,234.03,6,3355,234.09
Product_0288,Category_021,413.78,14,1244,51.42
Product_0383,Category_030,263.36,8,4384,191.58
Product_1261,Category_019,734.0,11,2653,302.76
Product_0635,Category_007,121.04,12,4317,329.19
Product_0562,Category_030,488.39,5,805,151.98
Product_2111,Category_009,262.53,12,1284,178.05
Product_1879,Category_005,74.68,6,1595,90.18
Product_1129,Category_030,510.9,6,5660,244.46
Product_1434,Category_019,209.07,4,3228,369.37
Product_1994,Category_019,664.65,8,2127,157.91
Product_0469,Category_005,135.63,2,3482,241.1
Product_0564,Category_015,342.62,4,982,167.56
Product_1985,Category_005,389.35,10,802,200.42
Product_1109,Category_030,103.63,2,3082,349.65
Product_1550,Category_019,255.0,5,3590,163.42
Product_1296,Category_019,470.78,4,1874,303.7
Product_1598,Category_030,178.66,9,3012,258.18
Product_1499,Category_019,199.67,11,5013,133.28
Product_0886,Category_023,538.62,10,1544,380.11
Product_1557,Category_019,2200.0,7,4190,426.81
Product_0830,Category_019,204.98,3,2873,234.71
Product_0563,Category_030,441.2,9,956,379.02
Product_1649,Category_019,205.15,13,5529,170.96
Product_1301,Category_019,925.72,12,2220,208.71
Product_1313,Category_019,215.37,11,5671,204.7
Product_0963,Category_005,362.9,7,3081,74.62
Product_1811,Category_006,256.91,12,5106,441.76
Product_1004,Category_006,164.43,8,2050,331.69
Product_1014,Category_005,459.8,13,3794,131.45
Product_2002,Category_005,257.34,4,2961,106.41
Product_1196,Category_019,97.63,5,3459,63.28
Product_0649,Category_005,203.63,4,3972,322.52
Product_1537,Category_019,319.66,8,3344,371.63
Product_1231,Category_019,218.24,14,2321,293.83
Product_2109,Category_009,616.88,2,5206,214.13
Product_1579,Category_019,248.76,9,5622,225.13
Product_2005,Category_005,354.99,13,3353,251.77
Product_1406,Category_019,442.22,13,1943,353.21
Product_1983,Category_005,1328.09,3,4100,353.37
Product_1604,Category_030,506.32,11,4517,409.5
Product_0559,Category_030,188.76,6,5026,301.92
Product_0877,Category_023,895.09,5,821,318.67
Product_0144,Category_005,343.36,5,2264,268.93
Product_1223,Category_019,384.98,13,3012,120.86
Product_0891,Category_023,130.99,9,2109,222.79
Product_2167,Category_024,248.34,11,4388,53.14
Product_0914,Category_023,356.63,10,3434,349.72
Product_1889,Category_007,112.4,14,3071,43.56
Product_0211,Category_007,258.0,7,4103,95.24
Product_1586,Category_030,321.37,7,1724,233.08
Product_1185,Category_030,190.08,10,1858,322.11
Product_0138,Category_007,872.38,4,1486,71.62
Product_0067,Category_019,1004.28,5,1369,331.15
Product_0212,Category_007,128.65,11,4256,161.04
Product_0192,Category_007,86.26,6,5790,259.9
Product_0915,Category_023,114.26,3,4033,299.82
Product_2149,Category_005,783.71,11,4684,284.71
Product_1471,Category_019,137.64,11,5118,207.51
Product_0664,Category_011,263.72,4,5843,75.53
Product_1827,Category_006,894.25,2,1640,401.14
Product_0922,Category_023,486.63,7,2894,197.67
Product_1562,Category_019,625.32,13,3452,396.45
Product_0920,Category_023,320.93,9,1568,444.73
Product_0010,Category_005,1467.47,2,4049,133.26
Product_0228,Category_007,243.8,3,1268,48.54
Product_1413,Category_019,138.11,14,3058,93.2
Product_1990,Category_005,335.54,9,2791,445.72
Product_0358,Category_005,2200.0,11,2510,277.98
Product_0110,Category_032,965.69,5,1673,114.14
Product_1032,Category_028,311.44,13,2349,135.56
Product_0957,Category_005,101.06,2,4510,132.14
Product_0207,Category_007,345.85,6,1538,152.51
Product_0477,Category_005,443.27,11,4225,250.14
Product_1563,Category_019,492.25,3,4456,151.73
Product_1189,Category_019,297.51,8,4767,216.97
Product_1258,Category_019,157.35,7,5651,110.65
Product_0475,Category_005,213.56,9,1324,180.53
Product_1011,Category_005,411.08,6,5842,129.78
Product_1544,Category_019,846.7,12,5599,191.1
Product_0606,Category_001,725.24,8,4926,63.57
Product_0275,Category_021,285.81,9,3560,105.45
Product_0187,Category_007,284.83,3,2591,158.8
Product_0916,Category_023,688.85,11,2076,234.42
Product_1565,Category_019,679.62,4,3952,207.07
Product_2148,Category_011,439.58,2,873,237.34
Product_0092,Category_019,66.84,7,3603,193.29
Product_1131,Category_030,120.84,10,3271,419.36
Product_1608,Category_030,529.7,7,3885,398.68
Product_0115,Category_032,706.94,11,3495,96.57
Product_0406,Category_019,443.64,11,3980,160.97
Product_1530,Category_019,345.88,4,3497,129.95
Product_0899,Category_023,299.92,5,879,304.46
Product_0043,Category_005,400.45,2,3686,127.34
Product_2132,Category_009,123.63,8,1390,73.71
Product_1640,Category_019,196.94,3,1553,238.8
Product_1549,Category_019,477.52,9,2094,439.27
Product_1365,Category_019,260.53,9,3087,139.33
Product_1538,Category_019,285.44,4,1932,148.23
Product_1639,Category_019,311.89,8,3779,46.38
Product_1506,Category_019,409.46,5,3430,280.65
Product_0252,Category_007,226.02,8,5701,202.29
Product_1428,Category_019,151.7,12,3731,201.16
Product_1491,Category_019,394.67,9,2880,134.3
Product_0835,Category_019,96.95,14,2830,155.21
Product_0948,Category_005,256.91,14,5075,298.07
Product_0431,Category_011,115.28,12,3084,168.92
Product_0514,Category_022,689.63,8,3025,108.56
Product_2013,Category_005,1599.38,3,1077,117.02
Product_0120,Category_021,150.63,7,880,73.14
Product_1251,Category_019,602.23,8,1343,205.39
Product_0909,Category_023,213.99,13,1630,127.75
Product_1364,Category_019,208.74,10,1209,232.49
Product_0378,Category_030,230.98,13,3842,70.96
Product_0836,Category_019,411.29,12,1393,237.21
Product_1029,Category_028,574.55,9,2474,110.58
Product_2172,Category_005,189.91,6,4819,180.23
Product_0297,Category_015,235.34,9,1537,120.38
Product_2114,Category_009,726.25,2,4680,84.91
Product_0188,Category_007,860.83,11,5748,82.55
Product_0185,Category_007,158.65,4,5888,66.49
Product_0181,Category_007,263.22,11,1132,106.0
Product_1310,Category_019,644.53,14,5665,64.46
Product_1551,Category_019,1363.33,14,4685,229.74
Product_1426,Category_019,378.33,9,2485,143.8
Product_2009,Category_005,435.02,8,3253,362.46
Product_0549,Category_030,172.43,2,907,241.87
Product_1212,Category_019,654.18,10,1658,148.3
Product_1252,Category_019,451.38,13,5801,137.02
Product_0833,Category_019,250.61,2,4963,95.7
Product_1283,Category_019,323.28,4,1418,81.77
Product_1989,Category_005,1461.35,11,1073,366.06
Product_0220,Category_007,958.56,8,1791,168.48
Product_0397,Category_030,927.1,2,988,147.7
Product_2012,Category_005,167.03,5,3820,102.55
Product_2108,Category_009,145.83,2,4992,148.65
Product_0277,Category_021,114.19,14,4887,93.17
Product_1602,Category_030,499.32,9,5710,256.05
Product_0373,Category_030,142.53,11,5281,158.02
Product_0555,Category_030,155.3,9,5678,236.82
Product_0230,Category_007,752.38,9,3053,81.07
Product_1599,Category_030,89.33,10,2539,171.75
Product_0994,Category_028,540.7,12,1097,107.52
Product_0199,Category_007,143.39,3,3757,371.58
Product_0924,Category_023,329.97,2,2574,218.35
Product_0880,Category_023,1567.32,13,1944,209.29
Product_2000,Category_005,397.76,7,3062,60.87
Product_0321,Category_024,258.7,9,1774,377.04
Product_0892,Category_023,261.91,5,1974,77.52
Product_1569,Category_019,276.23,7,3132,157.33
Product_0603,Category_001,245.17,8,3083,127.46
Product_0174,Category_021,106.78,5,4419,127.62
Product_0583,Category_032,176.58,8,4905,84.23
Product_0227,Category_007,861.92,10,997,172.3
Product_0689,Category_011,745.36,14,5850,114.8
Product_0605,Category_001,553.43,4,3125,100.28
Product_0506,Category_015,359.43,5,2634,278.25
Product_0091,Category_019,501.83,14,2226,88.81
Product_0276,Category_021,410.18,5,3639,119.51
Product_1993,Category_005,477.99,4,3016,71.32
Product_1497,Category_019,946.24,9,1545,162.07
Product_0076,Category_019,773.12,9,5871,152.3
Product_0953,Category_005,248.73,2,3423,270.58
Product_1202,Category_019,177.8,12,3215,129.69
Product_1012,Category_005,74.95,5,2775,90.16
Product_0684,Category_011,189.77,10,3933,178.48
Product_1028,Category_028,356.35,13,2740,223.73
Product_1642,Category_019,296.51,3,3513,209.51
Product_0046,Category_005,306.06,12,3738,197.1
Product_0939,Category_005,420.48,12,3487,159.59
Product_1293,Category_019,653.4,12,1483,82.51
Product_0921,Category_023,106.88,6,5144,114.22
Product_0582,Category_032,164.48,11,3250,160.48
Product_0654,Category_011,159.99,10,2001,48.93
Product_1531,Category_019,522.84,11,5587,103.23
Product_2089,Category_009,1210.07,5,3672,28.9
Product_1039,Category_005,364.3,9,1689,86.93
Product_1108,Category_030,443.1,13,5039,245.83
Product_1845,Category_006,247.44,7,4165,259.13
Product_0380,Category_030,166.56,3,3901,201.6
Product_0117,Category_032,206.28,9,1319,62.6
Product_0284,Category_021,1043.06,6,4634,61.46
Product_1311,Category_019,318.28,4,2129,207.48
Product_2081,Category_009,299.61,3,1161,138.01
Product_1412,Category_019,507.42,6,4472,121.42
Product_0650,Category_022,359.85,14,2719,80.0
Product_1795,Category_005,669.22,14,2055,56.99
Product_0426,Category_019,328.45,4,5819,125.9
Product_2090,Category_009,423.78,11,3957,88.02
Product_0246,Category_007,483.83,13,3384,136.5
Product_0923,Category_023,205.52,8,4275,123.81
Product_2100,Category_009,263.14,2,5399,134.69
Product_0971,Category_028,593.2,7,2216,83.16
Product_0593,Category_032,359.67,5,1166,82.99
Product_0876,Category_023,210.05,12,1476,234.01
Product_1462,Category_019,326.95,14,3210,203.37
Product_1517,Category_019,1881.83,6,3458,163.89
Product_0349,Category_021,307.83,14,2512,23.0
Product_0050,Category_005,185.45,7,3592,50.57
Product_0224,Category_007,452.16,9,4068,69.2
Product_0229,Category_007,1066.58,6,1489,111.07
Product_1605,Category_030,287.09,3,1381,271.92
Product_1201,Category_019,278.13,4,4081,58.9
Product_0648,Category_005,235.5,11,3552,99.77
Product_1887,Category_007,137.77,4,3789,31.54
Product_1796,Category_005,294.58,4,2577,126.58
Product_1188,Category_019,691.62,8,5357,105.37
Product_0386,Category_030,433.73,5,4409,110.86
Product_0983,Category_028,409.7,13,4762,121.38
Product_1043,Category_007,104.36,3,3332,76.67
Product_1411,Category_019,254.84,12,4295,104.31
Product_0009,Category_005,145.19,12,3437,66.78
Product_0727,Category_001,56.12,5,3262,69.89
Product_0904,Category_023,202.07,5,4411,45.13
Product_0140,Category_007,507.71,12,5386,25.17
Product_0245,Category_007,172.41,6,5774,93.62
Product_0304,Category_015,204.33,3,2913,55.18
Product_0560,Category_030,1082.65,9,3708,267.66
Product_0636,Category_007,533.3,10,2389,102.05
Product_2083,Category_009,821.31,5,3364,70.88
Product_1230,Category_019,805.85,12,4242,75.94
Product_1186,Category_019,509.84,4,2100,80.46
Product_0344,Category_021,328.36,3,4936,91.3
Product_2026,Category_005,430.61,11,2257,140.34
Product_0243,Category_007,915.47,6,2724,81.28
Product_0308,Category_024,369.82,9,3433,20.15
Product_1558,Category_019,357.63,2,3563,197.78
Product_1291,Category_019,371.88,3,879,32.03
Product_0646,Category_022,624.63,6,5775,64.91
Product_0203,Category_007,234.05,14,1733,170.47
Product_1105,Category_006,1104.86,2,2522,138.36
Product_1026,Category_028,728.89,6,5367,88.76
Product_1206,Category_019,204.89,14,2160,151.01
Product_0968,Category_028,1285.39,4,2620,62.73
Product_1726,Category_003,117.51,8,3661,38.78
Product_2107,Category_009,68.0,14,1167,72.96
Product_0399,Category_030,485.14,11,5246,30.52
Product_0248,Category_007,194.71,8,3291,42.03
Product_1192,Category_019,207.91,7,1841,137.72
Product_0253,Category_007,476.3,6,3270,83.75
Product_0429,Category_005,659.85,7,5711,126.55
Product_0241,Category_007,1566.52,3,852,52.87
Product_0190,Category_007,463.46,11,1528,82.08
Product_0993,Category_028,227.57,7,3585,34.87
Product_1260,Category_019,480.87,5,1976,50.54
Product_1982,Category_005,247.06,4,4937,56.27
Product_0599,Category_017,228.16,9,2413,66.42
Product_0883,Category_023,640.9,14,4816,92.42
Product_1187,Category_019,778.98,5,5277,123.83
Product_1996,Category_019,87.0,11,962,115.37
Product_0005,Category_005,629.76,11,2696,99.25
Product_1140,Category_009,373.58,12,4555,102.44
Product_0604,Category_001,503.26,7,3417,82.99
Product_0437,Category_012,160.8,12,2864,77.23
Product_0242,Category_007,155.59,13,5824,117.26
Product_2030,Category_005,217.04,2,2861,67.9
Product_0898,Category_023,429.03,6,3998,179.43
Product_0439,Category_012,279.89,3,2051,65.86
Product_1638,Category_019,241.31,8,5760,44.37
Product_1197,Category_019,586.37,14,4738,67.63
Product_1277,Category_019,178.1,6,848,87.96
Product_0875,Category_023,77.13,6,2175,104.52
Product_0463,Category_015,485.53,2,5517,32.44
Product_0476,Category_005,130.9,13,4902,99.47
Product_0056,Category_019,348.28,6,4656,144.66
Product_0208,Category_007,677.53,6,2483,27.56
Product_0888,Category_023,159.4,14,2081,99.92
Product_0901,Category_023,193.52,11,5565,33.92
Product_0301,Category_015,134.02,11,1841,43.55
Product_1037,Category_005,279.27,6,4636,91.39
Product_1077,Category_020,142.74,5,2356,177.09
Product_0619,Category_001,93.33,11,5646,71.33
Product_0453,Category_015,287.78,6,4398,44.91
Product_0890,Category_023,559.39,9,1834,116.36
Product_0978,Category_028,144.57,13,1893,49.49
Product_0028,Category_005,338.27,4,3792,57.13
Product_0175,Category_021,195.85,4,2349,112.02
Product_1627,Category_019,82.57,14,2546,186.95
Product_0382,Category_030,774.98,12,2436,110.66
Product_0400,Category_030,407.09,6,862,66.56
Product_0590,Category_032,325.57,9,1278,95.87
Product_1040,Category_005,169.57,14,5951,97.71
Product_1183,Category_030,82.18,11,4528,88.9
Product_0724,Category_001,609.63,11,5890,72.07
Product_0239,Category_007,187.96,13,2037,82.34
Product_1631,Category_019,256.91,13,4251,270.43
Product_1433,Category_019,256.91,2,4279,295.15
Product_1595,Category_030,231.31,3,5253,229.78
Product_1045,Category_007,277.03,11,1759,22.02
Product_1498,Category_019,249.43,7,4620,65.28
Product_0130,Category_021,421.57,14,4219,46.35
Product_0223,Category_007,292.11,2,958,53.89
Product_2076,Category_009,346.45,3,4191,35.72
Product_1890,Category_007,205.52,3,1769,52.43
Product_0834,Category_019,847.78,13,5959,86.23
Product_2023,Category_005,306.36,4,4258,52.8
Product_1978,Category_011,231.96,12,5251,34.38
Product_0884,Category_023,302.16,7,820,154.55
Product_2137,Category_009,163.18,2,1229,134.44
Product_0370,Category_030,224.11,14,1706,125.59
Product_1114,Category_007,366.97,12,1755,84.12
Product_0767,Category_001,399.82,14,2588,45.14
Product_0027,Category_005,993.15,4,1545,81.3
Product_1085,Category_016,393.69,11,1000,267.56
Product_0254,Category_007,401.62,9,2459,79.98
Product_0286,Category_021,164.42,11,1329,54.27
Product_0040,Category_011,695.94,6,4751,97.17
Product_0486,Category_013,345.59,8,4010,48.34
Product_1405,Category_019,1199.44,10,2168,187.93
Product_0006,Category_005,87.63,5,4428,181.2
Product_0436,Category_013,1100.3,6,1519,195.73
Product_1033,Category_028,307.75,6,2246,63.93
Product_0039,Category_011,254.81,14,4168,107.9
Product_1724,Category_003,165.51,13,1784,24.46
Product_1069,Category_020,377.1,7,2036,421.93
Product_1292,Category_019,703.17,5,2222,72.35
Product_1611,Category_005,119.28,10,1489,117.35
Product_0249,Category_007,371.95,5,1487,28.72
Product_1205,Category_019,186.7,2,3301,128.8
Product_0049,Category_005,361.69,4,5645,90.24
Product_0158,Category_021,394.07,12,4308,62.41
Product_0182,Category_007,134.15,8,1986,58.73
Product_2088,Category_009,90.15,2,5971,57.27
Product_0235,Category_007,277.88,14,4589,80.27
Product_0377,Category_030,519.63,8,2230,56.9
Product_1126,Category_007,137.54,3,2934,110.65
Product_0273,Category_021,313.03,6,4990,24.78
Product_0042,Category_011,452.87,12,2135,61.94
Product_0423,Category_019,194.88,6,1853,59.46
Product_2128,Category_009,140.46,12,2654,31.86
Product_2112,Category_009,245.32,7,3995,86.35
Product_0723,Category_001,574.81,2,1053,36.92
Product_0184,Category_007,309.69,8,1781,65.7
Product_2135,Category_009,779.21,2,1246,114.62
Product_0196,Category_007,131.99,12,4136,33.35
Product_0154,Category_021,1662.04,2,2951,106.0
Product_0969,Category_028,442.02,7,2031,42.11
Product_2053,Category_021,196.39,3,4903,48.46
Product_0186,Category_007,824.27,11,4769,47.58
Product_1041,Category_005,214.33,13,3013,59.28
Product_1979,Category_005,181.79,5,4745,54.62
Product_0030,Category_005,210.3,11,2312,71.09
Product_2072,Category_009,54.34,4,3345,20.4
Product_0221,Category_007,516.05,11,5160,36.66
Product_0926,Category_023,252.21,3,4833,101.29
Product_1038,Category_005,213.27,4,807,95.98
Product_1130,Category_030,142.95,12,3859,126.15
Product_2110,Category_009,890.99,5,1350,36.95
Product_0911,Category_023,272.3,12,2467,84.26
Product_0313,Category_015,258.59,11,3311,42.41
Product_0238,Category_007,540.38,7,3356,75.85
Product_2101,Category_009,216.2,6,4297,31.2
Product_1529,Category_019,206.41,7,2901,33.13
Product_0907,Category_023,522.14,5,2700,61.31
Product_2123,Category_009,520.97,2,4671,63.59
Product_1137,Category_009,483.29,4,5225,52.93
Product_2133,Category_009,484.86,6,3711,166.27
Product_0925,Category_023,285.33,11,3715,110.83
Product_1583,Category_005,153.13,9,2485,71.72
Product_0389,Category_030,286.15,10,4166,49.96
Product_0872,Category_023,966.55,2,3079,49.58
Product_1115,Category_007,257.22,7,4743,69.71
Product_0410,Category_019,620.6,13,3536,14.83
Product_1597,Category_030,189.46,14,1393,61.94
Product_1052,Category_032,378.28,5,3950,27.73
Product_2154,Category_022,193.72,5,1935,53.14
Product_0409,Category_019,358.48,10,5560,13.63
Product_0142,Category_007,222.84,9,2340,44.93
Product_1044,Category_007,96.16,7,1270,57.81
Product_0566,Category_012,248.65,14,5952,79.36
Product_0320,Category_024,564.55,3,2706,57.15
Product_1042,Category_005,190.15,9,4583,54.69
Product_0686,Category_011,207.02,12,1445,52.93
Product_1594,Category_030,226.32,4,5353,90.78
Product_0111,Category_032,224.52,6,3084,32.15
Product_0910,Category_023,510.82,2,5174,74.7
Product_1797,Category_005,332.37,4,2178,53.51
Product_0141,Category_007,268.22,5,3692,24.69
Product_0512,Category_022,144.38,8,4398,43.78
Product_2018,Category_005,803.1,4,1169,78.76
Product_2020,Category_005,270.43,14,3144,50.41
Product_1329,Category_019,246.79,8,1555,70.02
Product_0755,Category_001,144.27,9,3296,29.66
Product_0908,Category_023,436.83,8,2633,47.33
Product_1809,Category_007,373.77,2,3132,20.01
Product_1090,Category_020,250.74,14,5393,93.69
Product_0348,Category_021,109.26,4,4824,34.6
Product_1333,Category_019,105.38,13,4090,58.57
Product_2070,Category_009,263.69,4,2605,49.77
Product_0887,Category_023,1385.14,6,2084,92.25
Product_0743,Category_001,318.22,14,5421,22.29
Product_0652,Category_011,519.1,9,3771,48.21
Product_0588,Category_032,1175.05,5,4600,64.96
Product_0676,Category_011,817.38,9,3032,41.85
Product_2098,Category_009,380.5,12,1306,97.01
Product_1138,Category_009,96.17,8,1573,36.04
Product_0231,Category_007,394.23,10,3208,33.57
Product_1575,Category_019,514.57,4,4951,299.78
Product_1559,Category_019,427.91,2,4912,33.44
Product_0759,Category_001,253.69,13,1395,49.96
Product_0681,Category_011,125.28,10,2245,31.95
Product_1592,Category_030,477.9,11,1273,62.21
Product_1613,Category_005,677.62,7,4271,74.93
Product_0687,Category_011,310.3,12,5937,82.29
Product_0278,Category_021,293.85,5,4006,38.48
Product_1046,Category_007,419.04,9,4757,60.24
Product_0600,Category_001,134.83,10,4928,31.66
Product_1891,Category_021,213.5,11,1586,11.14
Product_0155,Category_021,317.78,6,2208,50.66
Product_2095,Category_009,128.09,9,3499,19.94
Product_2075,Category_009,546.27,5,4995,52.64
Product_1718,Category_003,387.62,3,2059,12.37
Product_2168,Category_024,483.25,9,970,22.01
Product_0586,Category_032,113.61,12,2809,42.61
Product_1139,Category_009,411.0,9,3043,38.11
Product_0570,Category_012,168.92,8,5675,25.24
Product_1672,Category_026,387.14,8,1944,14.09
Product_2113,Category_009,168.29,10,949,54.57
Product_1182,Category_030,382.46,5,1381,146.2
Product_0294,Category_015,1930.59,2,3056,31.08
Product_1325,Category_019,184.22,11,5953,52.21
Product_0547,Category_013,546.51,14,1572,25.79
Product_0739,Category_001,471.44,6,1603,11.6
Product_0458,Category_015,783.92,11,3543,14.68
Product_2071,Category_009,564.04,10,3318,32.75
Product_0176,Category_021,594.43,5,1173,47.35
Product_0839,Category_021,135.79,8,4852,17.9
Product_1725,Category_003,276.18,12,5634,33.73
Product_0233,Category_007,130.23,3,4024,66.45
Product_0607,Category_001,170.51,13,3672,14.85
Product_0705,Category_001,906.34,7,5314,13.86
Product_1335,Category_019,277.2,3,2969,62.97
Product_0658,Category_011,140.66,11,2568,25.56
Product_0707,Category_001,287.9,4,1370,57.62
Product_0902,Category_023,610.09,14,3933,94.11
Product_0791,Category_001,196.77,9,5861,16.83
Product_0572,Category_012,257.88,7,5491,40.99
Product_0495,Category_015,195.59,14,5221,9.49
Product_0274,Category_021,175.94,5,5671,31.72
Product_0300,Category_015,501.27,11,3942,42.41
Product_0700,Category_001,887.84,13,5011,23.75
Product_0768,Category_001,223.18,13,1568,12.86
Product_2139,Category_009,1055.22,13,2557,85.66
Product_1051,Category_032,177.46,10,5751,32.72
Product_0882,Category_023,1147.05,2,5664,42.53
Product_2129,Category_009,400.69,3,1143,107.91
Product_2159,Category_022,1283.47,2,5417,51.34
Product_2087,Category_009,164.95,10,4563,16.24
Product_0131,Category_021,618.48,9,5470,18.71
Product_2118,Category_009,662.35,3,1788,53.72
Product_0139,Category_007,171.33,4,1397,15.23
Product_0412,Category_007,154.93,2,2345,8.91
Product_0680,Category_011,278.28,10,3213,64.88
Product_1050,Category_032,191.28,5,2725,30.42
Product_0543,Category_032,669.4,2,5385,31.34
Product_1049,Category_032,223.47,2,2609,57.8
Product_0663,Category_011,275.56,2,2952,31.65
Product_0335,Category_021,357.42,11,2745,12.86
Product_0041,Category_011,1093.51,2,2817,42.53
Product_0468,Category_005,666.77,12,2943,32.67
Product_0653,Category_011,546.15,4,5045,40.13
Product_1328,Category_019,338.58,9,2255,53.91
Product_0118,Category_032,414.57,9,3474,18.82
Product_0222,Category_007,86.81,9,4121,21.88
Product_1322,Category_019,280.93,13,3040,58.48
Product_0280,Category_021,164.55,3,2317,39.88
Product_0302,Category_015,382.64,2,5203,26.08
Product_1079,Category_020,244.88,6,1046,39.2
Product_1323,Category_019,210.87,13,2412,45.77
Product_2055,Category_021,362.8,11,3688,17.09
Product_2144,Category_009,381.92,3,4359,26.38
Product_2140,Category_009,156.78,8,1170,37.21
Product_0873,Category_023,496.58,7,4342,77.68
Product_0121,Category_021,440.55,8,1489,44.99
Product_0662,Category_011,280.14,4,5482,20.92
Product_2136,Category_009,446.97,13,1764,26.62
Product_0177,Category_021,820.01,6,875,25.46
Product_1035,Category_028,832.43,13,1077,41.35
Product_0725,Category_001,686.19,6,885,32.97
Product_0919,Category_023,364.6,10,3144,55.82
Product_0808,Category_001,1705.1,5,5422,20.82
Product_1745,Category_030,256.91,11,1805,120.04
Product_0105,Category_032,82.74,11,1813,40.47
Product_0311,Category_024,555.92,9,1150,10.44
Product_0375,Category_030,70.28,8,1727,25.29
Product_1055,Category_032,652.91,9,2783,33.47
Product_0706,Category_001,731.01,9,5177,26.17
Product_0770,Category_001,381.12,8,2257,40.62
Product_0255,Category_007,334.85,5,3119,16.64
Product_1798,Category_005,442.09,9,2543,43.38
Product_0333,Category_021,582.21,6,4657,10.45
Product_1326,Category_019,381.57,8,3024,34.67
Product_0428,Category_019,119.85,9,5681,78.03
Product_0688,Category_011,211.84,10,2072,33.41
Product_0792,Category_001,750.02,14,2469,19.36
Product_0896,Category_023,342.73,11,2503,31.34
Product_1590,Category_030,333.42,7,1890,41.19
Product_1675,Category_021,861.63,11,1128,9.74
Product_1143,Category_009,287.61,9,4956,15.23
Product_1334,Category_019,170.47,9,4796,35.14
Product_0773,Category_001,178.33,10,4955,29.07
Product_0683,Category_011,977.61,4,5787,26.4
Product_0679,Category_011,209.22,6,4343,61.04
Product_0682,Category_011,842.57,11,3499,48.98
Product_1958,Category_029,320.56,2,3292,23.45
Product_0893,Category_023,264.58,8,2655,32.16
Product_0726,Category_001,504.72,8,935,47.05
Product_0678,Category_011,254.26,9,3979,57.75
Product_1719,Category_003,179.87,3,3983,5.89
Product_0162,Category_021,595.7,8,1256,60.14
Product_1125,Category_007,566.95,8,4597,29.24
Product_1336,Category_019,204.34,9,4064,51.44
Product_0489,Category_013,249.8,13,4024,22.03
Product_1330,Category_019,1464.94,7,4366,34.85
Product_0488,Category_013,534.48,8,3062,23.39
Product_0584,Category_032,588.43,13,2613,40.28
Product_0168,Category_021,195.3,3,1813,24.93
Product_0272,Category_021,181.16,2,5653,17.21
Product_1339,Category_019,1130.92,2,3698,45.68
Product_1327,Category_019,136.22,10,1209,44.9
Product_0988,Category_028,129.68,14,1624,34.75
Product_0285,Category_021,528.32,2,5313,16.72
Product_0430,Category_005,274.13,8,3517,29.12
Product_0762,Category_001,182.17,7,3189,26.73
Product_0844,Category_021,161.42,10,1115,19.35
Product_2093,Category_009,418.45,9,2254,26.17
Product_0903,Category_023,345.27,2,3787,57.32
Product_0116,Category_032,289.26,6,2705,38.02
Product_0205,Category_007,210.03,14,2965,19.12
Product_2052,Category_021,855.21,10,4514,33.3
Product_0316,Category_011,94.85,8,936,25.32
Product_1180,Category_003,793.83,11,875,25.15
Product_0029,Category_005,2039.6,5,2299,19.34
Product_0660,Category_011,245.9,14,2964,18.9
Product_1142,Category_009,480.19,13,4847,17.55
Product_0464,Category_022,147.32,2,1059,20.88
Product_2153,Category_022,202.41,10,5085,65.06
Product_0548,Category_013,2140.04,5,2550,14.39
Product_0510,Category_012,498.6,6,5336,19.2
Product_1705,Category_026,721.93,10,5229,20.1
Product_1716,Category_026,608.56,13,2923,15.87
Product_2166,Category_024,85.98,4,5876,9.23
Product_0317,Category_011,95.49,13,1215,15.62
Product_0757,Category_001,229.92,14,5987,21.76
Product_1338,Category_019,529.27,2,3599,53.65
Product_0210,Category_007,100.8,10,1347,21.7
Product_0592,Category_032,256.91,11,4923,92.43
Product_0218,Category_007,332.41,13,1289,22.95
Product_0729,Category_001,998.79,6,1654,16.44
Product_1317,Category_019,253.25,3,5369,49.96
Product_0517,Category_022,201.6,11,3725,8.68
Product_0534,Category_022,229.48,13,3892,25.96
Product_0445,Category_015,263.61,4,4650,11.82
Product_1084,Category_016,251.18,11,928,96.76
Product_1915,Category_009,148.5,10,5802,58.67
Product_2121,Category_009,407.38,4,3596,42.2
Product_1320,Category_019,1717.79,7,1120,20.27
Product_1141,Category_009,470.41,7,5062,34.08
Product_1324,Category_019,946.36,8,2829,29.45
Product_1340,Category_019,152.82,9,961,22.9
Product_0881,Category_023,596.82,6,3088,44.16
Product_1670,Category_026,384.6,7,1173,6.97
Product_0795,Category_001,688.14,2,5275,11.43
Product_1669,Category_026,418.52,10,1935,4.37
Product_0846,Category_021,205.11,2,1995,16.33
Product_0843,Category_021,186.46,8,4980,23.86
Product_0740,Category_001,463.39,8,2000,9.12
Product_1331,Category_019,227.1,10,4962,31.66
Product_2024,Category_005,541.69,2,3523,17.37
Product_0708,Category_001,211.14,4,3897,24.08
Product_2169,Category_024,295.89,14,3239,14.36
Product_0774,Category_001,492.42,4,5684,12.56
Product_1332,Category_019,380.42,11,5172,38.46
Product_0298,Category_015,443.93,2,4967,40.21
Product_0283,Category_021,398.73,12,1800,14.14
Product_1318,Category_019,90.22,9,3733,32.09
Product_2091,Category_009,65.76,8,5146,26.21
Product_0345,Category_021,766.19,4,1513,14.66
Product_0546,Category_013,1143.04,4,5370,6.66
Product_1896,Category_021,586.94,5,3873,12.64
Product_0695,Category_001,685.55,3,3969,14.93
Product_1319,Category_019,254.06,13,1951,39.79
Product_0842,Category_021,56.34,10,3116,11.38
Product_0670,Category_011,240.87,9,5835,9.32
Product_2142,Category_009,836.55,12,5874,12.89
Product_0247,Category_007,253.41,8,5281,53.41
Product_0972,Category_028,280.26,13,2084,45.62
Product_1059,Category_032,515.27,9,3921,19.17
Product_0197,Category_007,240.01,13,4388,9.68
Product_1321,Category_019,251.49,12,4543,27.64
Product_0103,Category_015,219.6,11,4321,9.49
Product_0189,Category_007,280.53,14,2490,10.45
Product_1661,Category_026,422.29,4,3897,11.49
Product_0596,Category_032,929.73,6,2824,18.77
Product_0236,Category_007,922.99,13,3810,28.15
Product_0353,Category_021,245.48,9,3532,7.8
Product_1337,Category_019,281.19,6,1356,29.94
Product_2086,Category_009,528.41,3,2942,23.79
Product_1057,Category_032,236.47,12,1002,23.54
Product_0927,Category_023,65.03,7,5402,25.54
Product_0132,Category_021,1199.53,12,5720,21.19
Product_0293,Category_021,171.14,7,5857,11.39
Product_0261,Category_001,390.77,5,2545,11.88
Product_0709,Category_001,327.99,2,2780,30.54
Product_0104,Category_032,352.95,6,3222,14.89
Product_2097,Category_009,252.2,2,1410,66.91
Product_1912,Category_009,376.9,4,5518,96.63
Product_0524,Category_022,97.99,3,4687,23.82
Product_0513,Category_022,366.34,5,5606,14.64
Product_0608,Category_001,220.06,8,3234,4.22
Product_0180,Category_007,271.99,6,2561,29.92
Product_1747,Category_030,528.83,3,2437,148.16
Product_0756,Category_001,350.23,3,5869,5.88
Product_0240,Category_007,610.7,8,3332,32.46
Product_0361,Category_007,264.04,2,3376,6.77
Product_0692,Category_001,1557.08,9,5437,30.89
Product_1913,Category_009,230.27,7,4311,27.11
Product_1779,Category_010,145.32,4,2769,13.47
Product_2037,Category_011,238.93,4,5943,6.6
Product_2054,Category_021,465.22,4,1468,12.98
Product_0761,Category_001,225.87,4,5230,18.19
Product_0613,Category_001,607.31,14,3048,2.83
Product_0719,Category_001,286.53,11,5155,16.91
Product_0769,Category_001,413.44,10,3499,8.29
Product_0900,Category_023,203.12,9,5429,22.36
Product_2080,Category_009,946.24,14,1667,16.29
Product_1025,Category_007,149.85,4,4877,4.22
Product_2049,Category_011,146.97,2,5977,23.82
Product_1060,Category_032,657.75,10,4042,30.62
Product_0741,Category_001,342.05,14,2378,16.02
Product_0234,Category_007,530.6,12,4546,48.72
Product_1676,Category_021,895.45,8,5950,8.57
Product_1914,Category_009,583.05,6,1296,60.93
Product_0291,Category_024,181.66,14,2499,18.65
Product_2143,Category_009,353.16,14,2129,12.44
Product_0758,Category_001,105.02,9,1638,26.83
Product_0318,Category_011,221.21,2,2061,7.21
Product_0569,Category_012,209.12,4,2337,10.05
Product_1957,Category_029,163.21,11,4989,8.92
Product_0289,Category_024,176.38,11,4916,10.12
Product_1656,Category_026,292.66,12,3366,12.85
Product_0970,Category_028,449.8,3,2824,27.89
Product_0742,Category_001,50.59,5,2575,18.31
Product_2106,Category_009,773.19,8,1866,30.89
Product_0281,Category_021,269.91,13,3324,15.47
Product_1076,Category_020,224.18,4,2273,85.7
Product_0459,Category_015,497.66,14,5138,10.38
Product_0166,Category_021,1732.47,10,2224,71.6
Product_1136,Category_009,1656.0,5,4316,35.03
Product_0157,Category_021,222.37,4,3342,11.49
Product_2084,Category_009,683.21,13,2027,22.5
Product_0620,Category_001,440.29,3,2329,1.64
Product_0299,Category_015,361.24,3,3661,21.4
Product_2078,Category_009,187.0,10,5557,12.36
Product_0779,Category_001,273.72,4,4037,3.85
Product_0452,Category_015,519.66,2,1198,26.11
Product_2056,Category_021,396.32,10,2597,7.23
Product_1822,Category_018,1195.04,9,3326,5.09
Product_0048,Category_005,176.85,13,3757,13.27
Product_1727,Category_003,390.52,4,1023,25.36
Product_2066,Category_009,359.28,6,4814,13.15
Product_1910,Category_009,762.62,4,2390,14.32
Product_1659,Category_026,369.33,2,2734,5.85
Product_1177,Category_026,470.29,10,5253,21.99
Product_1122,Category_007,194.14,7,5468,15.71
Product_0720,Category_001,482.44,7,5830,6.16
Product_0672,Category_011,252.82,2,954,5.85
Product_1721,Category_003,544.62,4,2171,9.66
Product_0198,Category_007,1339.11,13,4491,21.64
Product_1053,Category_024,554.07,14,3998,12.09
Product_1907,Category_019,206.72,7,3084,30.24
Product_0533,Category_022,229.47,14,836,13.44
Product_0713,Category_001,340.96,6,3048,4.99
Product_0451,Category_015,514.14,10,1372,7.85
Product_0874,Category_023,482.31,8,2291,26.02
Product_1723,Category_003,199.0,8,1696,29.79
Product_0601,Category_001,862.32,13,5827,20.56
Product_0627,Category_001,376.6,3,5159,3.0
Product_2145,Category_009,193.21,14,3235,34.17
Product_0917,Category_023,90.07,5,2243,16.13
Product_0516,Category_022,164.32,6,4581,5.11
Product_2073,Category_009,91.28,5,5577,15.68
Product_0153,Category_021,739.4,5,3675,19.75
Product_0337,Category_021,370.37,4,1797,7.35
Product_0796,Category_001,463.88,8,883,7.41
Product_0732,Category_001,156.41,3,2350,18.68
Product_2122,Category_009,51.43,6,3133,15.65
Product_0622,Category_001,311.29,4,2274,12.54
Product_2069,Category_009,266.46,2,4437,16.87
Product_0443,Category_015,274.81,3,947,5.15
Product_0471,Category_015,347.9,5,2108,7.47
Product_0315,Category_011,269.7,12,4404,10.0
Product_2105,Category_009,67.52,4,4347,9.94
Product_0790,Category_001,383.86,2,2325,3.88
Product_0745,Category_001,604.06,4,3629,7.38
Product_0691,Category_001,296.13,2,5578,23.23
Product_2079,Category_009,68.36,11,1496,14.64
Product_0701,Category_001,320.23,9,4779,21.44
Product_0913,Category_023,158.96,9,5814,14.2
Product_2102,Category_009,432.28,2,1710,24.93
Product_0587,Category_032,1492.77,4,2298,66.7
Product_2126,Category_009,112.05,5,4436,60.47
Product_0733,Category_001,88.01,6,4935,6.09
Product_0523,Category_022,554.65,2,2089,30.17
Product_1925,Category_001,89.41,10,4013,33.27
Product_0369,Category_030,586.13,14,4325,32.99
Product_2162,Category_022,320.83,5,3694,30.13
Product_0303,Category_015,226.3,8,5644,7.85
Product_0279,Category_021,101.55,8,3069,17.48
Product_0702,Category_001,258.67,10,3545,25.04
Product_0785,Category_001,265.41,8,3420,10.1
Product_0322,Category_007,415.88,11,2627,5.57
Product_2116,Category_009,941.96,2,4705,17.68
Product_1056,Category_032,171.96,8,4366,18.21
Product_0114,Category_006,600.1,3,1486,38.83
Product_0780,Category_001,654.68,2,3026,5.01
Product_0786,Category_001,233.99,12,1194,9.38
Product_0840,Category_021,212.6,10,2820,7.05
Product_0292,Category_024,481.32,12,864,15.17
Product_0282,Category_021,70.75,13,1132,5.95
Product_0878,Category_023,366.84,3,3406,20.94
Product_0728,Category_001,127.1,6,818,10.03
Product_0771,Category_001,241.85,14,2320,11.9
Product_0341,Category_021,335.58,13,3146,9.94
Product_0847,Category_021,210.3,2,4991,10.62
Product_0746,Category_001,243.84,6,3610,13.13
Product_0760,Category_001,280.22,14,2070,14.17
Product_1717,Category_026,750.52,14,1640,19.11
Product_1124,Category_007,67.76,9,2782,17.33
Product_1911,Category_009,1044.82,14,2430,14.27
Product_0448,Category_015,658.26,6,5226,7.7
Product_0667,Category_011,82.36,6,803,12.86
Product_0710,Category_001,500.19,11,4956,19.21
Product_0454,Category_015,258.2,4,3286,6.12
Product_0585,Category_032,156.09,7,834,24.05
Product_2115,Category_009,348.49,11,5561,9.04
Product_0503,Category_015,514.47,13,2893,6.3
Product_0487,Category_013,565.87,2,2006,8.56
Product_2155,Category_022,103.18,3,3744,12.11
Product_0730,Category_001,199.12,2,4064,11.71
Product_1121,Category_007,198.38,4,5231,14.13
Product_0394,Category_007,434.02,3,812,11.89
Product_0734,Category_001,594.57,4,3960,8.66
Product_0821,Category_001,288.85,7,1183,5.34
Product_0895,Category_023,541.09,10,2879,9.01
Product_0485,Category_013,467.91,13,2357,15.86
Product_0151,Category_015,490.76,6,5851,18.36
Product_2163,Category_024,175.6,14,2931,24.52
Product_1680,Category_021,1048.46,13,5894,4.85
Product_0642,Category_019,643.55,11,2329,6.9
Product_1120,Category_007,462.33,14,5420,9.11
Product_0505,Category_015,119.66,11,1601,4.33
Product_0545,Category_013,615.33,11,1329,7.23
Product_1123,Category_007,562.78,7,5128,9.42
Product_0532,Category_022,489.76,11,3090,71.4
Product_0951,Category_018,107.74,14,2167,4.76
Product_2134,Category_009,210.45,2,3751,16.04
Product_2141,Category_009,1479.14,6,1795,24.02
Product_0794,Category_001,154.74,14,4885,8.1
Product_1776,Category_010,104.64,11,5069,5.51
Product_0119,Category_008,297.92,9,1654,8.57
Product_0567,Category_012,882.12,5,4098,17.13
Product_1678,Category_021,313.3,9,5980,4.75
Product_1093,Category_024,385.19,5,2069,6.83
Product_0787,Category_001,552.89,11,5503,7.88
Product_1062,Category_032,80.68,8,4896,11.66
Product_0772,Category_001,206.07,9,1005,13.16
Product_1778,Category_010,145.11,13,3569,5.99
Product_2160,Category_022,254.86,12,1717,10.24
Product_0868,Category_023,163.34,8,2417,28.35
Product_2057,Category_021,289.05,12,3981,10.39
Product_0314,Category_011,1179.88,9,2229,13.17
Product_1777,Category_010,253.78,9,5203,7.95
Product_0134,Category_021,824.51,3,4508,14.68
Product_1671,Category_026,329.12,9,3058,6.01
Product_0744,Category_001,397.34,3,4609,4.78
Product_0848,Category_021,332.75,14,3242,11.16
Product_0614,Category_001,749.29,8,4994,4.78
Product_0173,Category_021,244.65,13,1624,10.85
Product_0481,Category_022,294.07,11,3458,7.17
Product_0571,Category_012,102.04,3,1834,11.97
Product_0216,Category_007,526.79,9,2233,14.35
Product_0581,Category_032,167.2,10,3145,18.97
Product_0918,Category_023,465.37,8,4587,9.93
Product_0671,Category_011,454.35,2,4534,7.27
Product_0602,Category_001,390.61,14,5042,9.35
Product_0484,Category_013,413.98,12,3260,45.78
Product_2103,Category_009,201.55,5,5453,14.21
Product_1892,Category_021,235.05,11,1940,5.68
Product_2059,Category_021,233.48,14,5926,15.0
Product_0699,Category_001,558.86,14,3625,14.12
Product_1072,Category_020,332.34,9,3002,32.57
Product_2077,Category_009,285.25,10,1341,7.1
Product_1176,Category_026,574.04,9,941,11.88
Product_0967,Category_006,699.99,4,2247,10.28
Product_0784,Category_001,43.49,14,3941,7.12
Product_0912,Category_023,164.71,10,2278,11.31
Product_0310,Category_024,772.46,14,1959,10.95
Product_0338,Category_021,521.61,10,1338,3.46
Product_0639,Category_019,244.06,2,1884,4.02
Product_0714,Category_001,568.56,9,4331,4.55
Product_0295,Category_015,701.74,3,4946,8.56
Product_2131,Category_009,619.04,4,2155,6.99
Product_0966,Category_006,183.54,4,4730,5.85
Product_0815,Category_001,238.97,13,5064,7.59
Product_0343,Category_021,514.58,11,5109,24.36
Product_1658,Category_026,355.48,9,4189,6.02
Product_0137,Category_021,433.84,9,2359,11.85
Product_1097,Category_032,71.91,12,4358,13.95
Product_0496,Category_015,692.59,2,2273,9.14
Product_0325,Category_021,328.49,13,3726,4.4
Product_1700,Category_026,188.93,3,4523,9.6
Product_0781,Category_001,261.16,10,3474,3.81
Product_0717,Category_001,208.65,5,1598,10.89
Product_0462,Category_015,911.52,11,3388,10.84
Product_1916,Category_009,196.92,10,4502,11.7
Product_2065,Category_009,453.15,12,4573,4.96
Product_0748,Category_001,224.8,12,3123,8.02
Product_0776,Category_001,188.78,12,3587,5.61
Product_1058,Category_032,268.63,13,2033,10.84
Product_0615,Category_001,630.04,3,5098,4.99
Product_2068,Category_009,175.97,7,5382,12.75
Product_0594,Category_032,81.88,13,4022,7.89
Product_0696,Category_001,456.41,5,5213,15.19
Product_2130,Category_009,149.64,7,3136,9.23
Product_2124,Category_009,360.19,4,1852,6.23
Product_0715,Category_001,900.43,14,1364,3.48
Product_0169,Category_021,507.91,7,1023,4.71
Product_0124,Category_021,484.95,5,2056,6.42
Product_0716,Category_001,65.18,9,5648,8.5
Product_1897,Category_021,283.12,4,1571,14.17
Product_0133,Category_021,486.98,4,3727,8.44
Product_2092,Category_009,338.7,11,5489,4.53
Product_2146,Category_009,365.51,14,1744,16.95
Product_0718,Category_001,197.67,6,2767,5.95
Product_0816,Category_001,827.88,9,2995,3.64
Product_2085,Category_009,175.81,9,1220,5.79
Product_0698,Category_001,271.35,8,1165,12.54
Product_0152,Category_021,150.97,11,3461,15.52
Product_1024,Category_008,316.95,5,4911,8.24
Product_0575,Category_012,256.91,9,906,46.23
Product_0405,Category_001,288.11,3,3006,11.48
Product_0697,Category_001,239.41,12,1695,20.36
Product_1020,Category_008,213.8,3,2340,7.47
Product_0822,Category_001,2058.78,9,1036,7.02
Product_0323,Category_007,65.02,4,2536,5.27
Product_0342,Category_021,268.51,11,4293,4.4
Product_1175,Category_026,520.77,3,1782,4.25
Product_0738,Category_001,399.36,14,5022,2.88
Product_0538,Category_022,255.9,3,4760,5.23
Product_1954,Category_001,382.47,10,1593,3.3
Product_0783,Category_001,248.86,12,4497,5.0
Product_0351,Category_021,168.72,11,5429,7.85
Product_0508,Category_015,254.85,7,4323,9.37
Product_0159,Category_021,829.96,2,994,8.06
Product_2061,Category_009,599.83,10,4200,12.0
Product_0290,Category_024,219.05,9,2418,7.34
Product_1815,Category_031,387.46,13,2323,2.75
Product_2104,Category_009,367.18,9,1332,5.87
Product_0810,Category_001,594.8,12,2266,11.25
Product_0509,Category_015,181.53,2,1249,16.58
Product_2039,Category_011,695.45,14,2873,3.21
Product_0628,Category_001,223.5,13,5499,4.38
Product_2064,Category_009,504.88,6,1754,13.1
Product_0346,Category_021,439.11,5,3866,5.59
Product_1174,Category_026,140.28,3,3208,12.85
Product_0955,Category_028,543.99,12,4155,6.07
Product_2063,Category_009,759.19,13,5473,5.21
Product_0749,Category_001,1605.64,13,1971,3.48
Product_0764,Category_001,527.83,2,4163,3.85
Product_0522,Category_022,260.48,6,3129,11.82
Product_2158,Category_022,291.93,9,3936,9.76
Product_0504,Category_015,874.62,10,2598,10.21
Product_0535,Category_022,1221.39,3,3900,23.45
Product_1959,Category_029,402.15,7,3713,7.53
Product_0631,Category_001,380.39,3,4439,1.77
Product_0305,Category_021,541.78,11,1280,11.43
Product_0782,Category_001,529.89,10,3513,4.08
Product_0296,Category_015,349.65,7,4479,10.77
Product_1748,Category_026,195.61,5,3006,4.13
Product_0435,Category_032,202.34,6,5371,28.88
Product_2062,Category_009,160.28,4,4332,6.26
Product_1871,Category_001,628.51,3,3233,5.2
Product_0668,Category_011,356.03,8,3977,6.83
Product_0634,Category_007,562.89,10,1937,10.86
Product_0704,Category_001,115.0,3,3971,4.74
Product_0307,Category_024,267.85,13,5414,5.07
Product_0460,Category_015,363.3,5,3089,3.74
Product_0106,Category_032,394.03,8,2335,44.6
Product_0444,Category_015,218.17,10,2085,11.65
Product_0827,Category_008,540.29,5,2888,2.87
Product_1751,Category_001,205.67,6,4941,6.31
Product_0665,Category_011,78.86,10,3766,3.85
Product_0329,Category_021,150.06,7,5493,3.98
Product_0754,Category_001,265.11,12,2993,2.9
Product_0364,Category_021,495.28,2,3737,3.0
Product_1172,Category_024,64.19,13,4156,17.18
Product_0472,Category_015,335.64,2,5352,8.15
Product_0819,Category_001,698.95,6,4675,3.15
Product_0150,Category_015,715.91,9,1433,1.46
Product_0172,Category_007,288.76,5,1212,2.53
Product_0332,Category_021,768.77,13,2568,2.88
Product_0490,Category_013,400.16,14,1133,10.37
Product_1938,Category_001,451.15,8,5298,2.78
Product_1752,Category_001,298.87,6,2120,3.02
Product_0826,Category_008,236.34,10,4057,9.76
Product_1834,Category_018,938.67,3,4215,3.34
Product_2067,Category_009,527.63,12,1462,7.23
Product_0493,Category_015,672.23,9,1097,4.18
Product_1786,Category_018,189.39,9,4415,1.85
Product_0731,Category_001,178.1,12,4466,3.23
Product_1699,Category_026,243.09,4,4158,5.65
Product_1764,Category_001,433.51,3,1736,3.24
Product_0621,Category_001,215.2,3,3734,1.8
Product_0711,Category_001,669.45,13,3431,5.03
Product_2157,Category_022,84.85,4,4508,4.78
Product_0161,Category_021,1300.24,8,4980,4.73
Product_0793,Category_001,319.98,10,5023,2.62
Product_2156,Category_022,1354.4,2,5338,13.47
Product_0336,Category_021,1311.71,6,1619,3.13
Product_0610,Category_001,1228.95,3,2750,5.45
Product_1713,Category_026,308.17,2,3375,3.39
Product_0491,Category_015,550.59,7,4891,3.16
Product_1775,Category_010,102.95,4,2429,6.86
Product_1783,Category_018,255.14,11,3100,9.67
Product_0632,Category_001,343.78,2,1835,1.27
Product_0251,Category_007,86.99,2,1505,3.42
Product_1688,Category_021,185.13,11,2036,1.48
Product_2120,Category_009,842.13,5,1120,9.07
Product_0507,Category_012,138.38,12,3549,7.36
Product_0789,Category_001,681.07,12,1759,4.39
Product_0502,Category_015,365.31,10,1370,2.95
Product_2074,Category_009,297.28,9,5840,5.06
Product_1667,Category_026,111.92,9,846,2.52
Product_1094,Category_024,408.14,13,2992,2.11
Product_0170,Category_021,531.67,14,823,8.89
Product_1706,Category_026,1809.47,5,2947,4.04
Product_1828,Category_018,188.83,3,3135,6.74
Product_0306,Category_024,201.31,12,5213,3.88
Product_0395,Category_007,503.54,7,5442,3.04
Product_0788,Category_001,381.1,5,5419,4.31
Product_2165,Category_024,207.99,10,4673,2.7
Product_0735,Category_001,630.15,4,1987,2.99
Product_1844,Category_018,256.86,11,2896,3.79
Product_0645,Category_019,380.47,8,812,1.02
Product_0544,Category_015,857.54,5,2694,4.62
Product_1715,Category_026,179.77,10,1592,4.6
Product_0237,Category_007,642.59,11,3636,8.19
Product_0817,Category_001,217.28,14,2134,2.04
Product_0579,Category_012,434.32,4,4917,10.67
Product_0330,Category_021,323.05,2,3508,6.27
Product_0260,Category_001,316.09,11,4537,3.68
Product_0736,Category_001,26.17,6,4504,4.39
Product_0752,Category_001,298.55,12,4197,5.63
Product_0404,Category_001,256.91,4,4573,19.01
Product_0102,Category_015,327.21,7,5902,2.67
Product_1710,Category_026,262.83,6,3747,2.34
Product_0703,Category_001,493.97,6,3508,2.68
Product_0666,Category_011,87.15,9,2802,2.95
Product_1850,Category_001,296.62,13,1709,4.35
Product_0798,Category_001,615.85,10,3740,3.32
Product_0339,Category_021,171.89,3,4433,6.69
Product_0669,Category_011,347.08,12,4153,4.96
Product_2038,Category_011,1052.54,2,2901,1.96
Product_1908,Category_028,416.34,7,3710,1.66
Product_0722,Category_001,510.84,13,3320,4.9
Product_1704,Category_026,237.82,4,5714,1.7
Product_0501,Category_015,131.79,3,4226,4.75
Product_0352,Category_021,197.06,9,970,5.06
Product_1061,Category_032,468.54,11,1279,6.47
Product_0766,Category_001,1509.83,14,2263,2.65
Product_0446,Category_015,149.41,13,5288,5.81
Product_0750,Category_001,180.97,6,1511,2.76
Product_0474,Category_015,301.53,2,4561,3.58
Product_0354,Category_021,131.54,4,1403,4.07
Product_2164,Category_024,286.06,10,2130,4.84
Product_2171,Category_007,428.34,10,2866,2.91
Product_0309,Category_024,334.49,10,3811,2.87
Product_0112,Category_032,232.94,8,2037,15.36
Product_1086,Category_016,115.99,12,3036,33.5
Product_1758,Category_001,591.44,4,3929,5.0
Product_0625,Category_001,207.24,12,4467,2.34
Product_0814,Category_001,353.99,4,1530,2.31
Product_1792,Category_024,206.46,2,3520,3.38
Product_0324,Category_007,164.57,4,3528,3.97
Product_0623,Category_001,221.12,11,3099,2.74
Product_1722,Category_003,244.38,3,5977,4.76
Product_0763,Category_001,99.54,4,5291,1.69
Product_1803,Category_006,124.85,3,5737,2.77
Product_2096,Category_009,383.2,2,5636,13.46
Product_0737,Category_001,572.72,13,3879,2.06
Product_1054,Category_024,267.31,3,2621,3.3
Product_1942,Category_001,152.92,12,3314,4.3
Product_1682,Category_021,274.37,11,3000,3.77
Product_1070,Category_020,474.34,5,4710,16.33
Product_2094,Category_009,207.64,12,5957,5.51
Product_0529,Category_022,668.05,9,2509,2.04
Product_1801,Category_017,246.29,14,4531,4.38
Product_0483,Category_011,295.08,5,1082,4.64
Product_0804,Category_001,177.68,3,5994,5.09
Product_0818,Category_001,443.68,4,4587,1.74
Product_1118,Category_007,792.04,7,3805,2.67
Product_1692,Category_021,231.37,13,1295,2.1
Product_0160,Category_021,403.86,2,2234,5.79
Product_2058,Category_021,183.87,5,3694,16.0
Product_0643,Category_028,449.04,13,3858,1.8
Product_0580,Category_012,421.77,12,2138,10.73
Product_1674,Category_026,554.77,6,3227,1.66
Product_0712,Category_001,268.02,12,5954,1.96
Product_0167,Category_021,94.22,6,3739,7.9
Product_0165,Category_021,360.89,2,2405,3.64
Product_0751,Category_001,316.44,12,2516,3.24
Product_1853,Category_001,191.28,14,5034,1.53
Product_1657,Category_026,542.27,14,5830,2.95
Product_0820,Category_001,275.02,4,1606,1.14
Product_0326,Category_021,380.52,11,5392,3.06
Product_1618,Category_024,308.01,5,2440,2.52
Product_0244,Category_007,458.2,14,4732,5.64
Product_1170,Category_024,480.28,12,4928,5.04
Product_1875,Category_001,223.94,13,2346,1.2
Product_0661,Category_011,391.72,8,5241,5.25
Product_0747,Category_001,661.89,2,5406,1.0
Product_1750,Category_001,608.31,9,4609,2.35
Product_0497,Category_015,615.92,5,5275,2.13
Product_0861,Category_019,79.82,4,1030,3.25
Product_1755,Category_001,224.74,4,4190,1.34
Product_1614,Category_005,280.14,3,1351,3.24
Product_1117,Category_007,274.64,2,5959,3.86
Product_1883,Category_006,212.95,2,3282,3.27
Product_1686,Category_021,340.41,12,2482,3.1
Product_1872,Category_001,1989.24,7,3608,3.08
Product_1712,Category_026,225.81,12,1142,3.19
Product_1664,Category_026,249.49,9,3822,3.8
Product_1836,Category_031,691.5,3,4633,2.06
Product_2127,Category_009,112.48,6,2041,6.79
Product_0520,Category_022,171.68,5,5487,2.72
Product_0515,Category_022,145.63,7,5072,9.82
Product_1683,Category_021,343.74,13,4543,3.68
Product_1814,Category_018,113.59,4,1761,2.46
Product_0799,Category_001,268.64,13,5153,3.94
Product_0797,Category_001,140.83,12,3311,3.38
Product_1668,Category_026,346.21,5,2734,1.83
Product_0657,Category_011,845.79,10,4743,2.95
Product_1096,Category_032,280.21,5,5932,4.24
Product_1171,Category_024,211.72,9,3094,2.65
Product_1691,Category_021,317.05,3,4276,2.2
Product_1646,Category_024,261.24,12,1197,2.27
Product_2170,Category_024,556.46,8,4608,1.67
Product_1926,Category_001,1022.47,2,5104,3.0
Product_0447,Category_015,170.2,12,5620,4.99
Product_0801,Category_001,423.74,10,2395,3.9
Product_1684,Category_021,1421.29,14,1219,2.55
Product_0312,Category_024,473.4,7,5709,2.04
Product_1761,Category_001,145.51,4,5506,1.39
Product_1917,Category_009,814.07,13,1060,3.97
Product_1089,Category_020,154.88,11,4676,5.15
Product_1960,Category_029,176.95,6,4951,1.9
Product_0347,Category_021,261.35,5,5389,1.72
Product_1774,Category_024,161.55,11,4214,2.17
Product_1663,Category_026,330.01,10,1073,2.28
Product_0492,Category_015,425.04,3,4521,1.77
Product_1116,Category_007,487.82,11,5780,4.58
Product_0511,Category_022,403.78,6,5368,11.22
Product_0956,Category_028,433.35,6,2238,1.61
Product_1677,Category_021,402.73,9,3248,0.94
Product_0568,Category_012,565.53,7,4867,2.37
Product_1770,Category_001,435.4,12,5022,1.58
Product_0656,Category_011,125.04,7,4689,2.54
Product_0402,Category_024,124.51,5,2691,3.1
Product_0232,Category_007,194.96,7,2634,0.88
Product_1689,Category_021,286.02,6,2060,1.4
Product_0775,Category_001,389.31,11,3391,0.88
Product_1909,Category_019,59.82,11,3248,2.29
Product_0860,Category_019,290.47,9,2161,3.96
Product_0135,Category_021,451.54,14,5579,2.81
Product_1666,Category_026,530.62,4,2017,1.73
Product_1763,Category_001,275.61,5,3456,1.15
Product_1757,Category_001,259.79,14,4247,1.29
Product_1893,Category_021,445.31,10,1841,4.65
Product_0058,Category_019,645.63,14,3530,0.8
Product_1816,Category_031,660.47,14,2415,1.36
Product_0828,Category_008,232.11,13,3865,4.7
Product_0778,Category_001,432.84,8,3459,2.19
Product_0753,Category_001,462.93,12,3248,1.55
Product_1110,Category_007,210.57,14,5385,3.08
Product_0334,Category_021,136.17,11,5073,3.49
Product_1759,Category_001,162.05,5,3296,1.27
Product_0809,Category_001,445.57,6,3117,1.08
Product_0125,Category_011,485.37,10,2281,1.11
Product_0163,Category_021,129.65,5,1327,3.52
Product_1754,Category_001,710.64,5,3064,2.33
Product_0539,Category_022,397.95,9,1776,4.42
Product_0461,Category_015,323.05,2,3521,2.48
Product_1208,Category_026,213.86,14,2246,1.43
Product_1895,Category_021,317.35,2,1914,3.54
Product_0616,Category_001,181.74,2,3031,1.36
Product_1794,Category_024,810.18,9,4235,0.92
Product_1616,Category_024,104.42,7,2859,2.66
Product_1098,Category_032,302.16,13,3599,1.94
Product_1762,Category_001,187.43,10,2826,1.5
Product_0365,Category_007,522.81,13,3715,1.08
Product_0149,Category_008,60.81,6,3257,1.6
Product_1807,Category_024,167.42,13,3645,1.9
Product_0800,Category_001,222.39,8,1967,2.5
Product_1063,Category_032,775.27,4,3621,3.69
Product_1112,Category_007,536.05,7,4524,1.88
Product_1145,Category_028,550.18,11,5801,3.76
Product_1869,Category_001,185.62,6,1355,1.26
Product_0823,Category_028,951.66,12,4781,0.93
Product_1673,Category_026,196.36,6,1497,1.14
Product_0578,Category_012,369.49,9,1210,1.46
Product_1802,Category_006,484.79,12,3093,1.14
Product_0455,Category_015,307.95,11,4169,2.38
Product_0609,Category_001,261.5,6,2929,1.2
Product_0721,Category_001,354.36,12,3318,1.92
Product_1687,Category_021,62.6,8,838,2.61
Product_1920,Category_001,725.13,4,5559,2.18
Product_1095,Category_024,222.54,5,3785,1.7
Product_0853,Category_021,218.39,13,1251,11.06
Product_0438,Category_012,256.91,5,4432,10.57
Product_0537,Category_022,439.65,7,2172,3.39
Product_1800,Category_017,512.31,12,1231,3.61
Product_0960,Category_028,671.92,6,5042,1.21
Product_2161,Category_022,256.91,9,5810,13.97
Product_1858,Category_001,152.07,7,3784,1.47
Product_1113,Category_007,1726.45,5,5311,2.37
Product_1805,Category_006,472.74,13,4278,1.49
Product_0573,Category_012,135.56,9,960,8.03
Product_1679,Category_021,375.26,4,5383,2.1
Product_0805,Category_001,991.06,5,1530,1.27
Product_0765,Category_001,206.88,14,3676,1.49
Product_0136,Category_021,357.27,8,4890,1.17
Product_0521,Category_022,208.55,13,5919,3.72
Product_0617,Category_001,62.17,13,5527,1.59
Product_1749,Category_001,213.97,14,5492,1.49
Product_1837,Category_031,201.76,11,4415,1.65
Product_0456,Category_015,203.58,2,5227,2.68
Product_0802,Category_001,766.02,7,1735,2.05
Product_2117,Category_009,292.72,11,1999,10.22
Product_0267,Category_001,655.65,6,3250,1.33
Product_1645,Category_024,492.55,4,3807,0.97
Product_1083,Category_016,267.28,4,3313,2.75
Product_1855,Category_001,233.19,3,3074,3.9
Product_0266,Category_001,189.35,5,932,2.06
Product_1181,Category_017,736.36,6,1268,0.88
Product_1868,Category_001,116.03,4,4592,1.25
Product_1714,Category_026,121.23,14,4946,1.82
Product_1178,Category_024,379.13,5,4984,1.69
Product_0866,Category_001,256.15,2,4661,0.89
Product_0803,Category_001,1059.87,13,4762,1.37
Product_1708,Category_021,168.49,7,2367,2.99
Product_0263,Category_001,329.44,10,5595,1.5
Product_1771,Category_001,358.01,4,1444,1.22
Product_1681,Category_021,145.36,9,3622,2.26
Product_0659,Category_011,278.72,6,2838,1.02
Product_1660,Category_026,345.19,13,1254,1.1
Product_1881,Category_007,282.71,12,4292,1.41
Product_1806,Category_006,234.91,9,1731,1.73
Product_1851,Category_001,1248.62,11,1303,1.33
Product_0651,Category_011,268.39,2,1471,1.73
Product_1799,Category_024,181.29,9,2706,5.22
Product_1760,Category_001,400.09,8,4167,1.2
Product_0396,Category_007,574.24,7,3545,2.51
Product_1119,Category_007,164.11,13,4722,1.88
Product_1091,Category_024,136.07,9,1255,1.73
Product_1928,Category_001,584.36,9,4808,1.81
Product_1962,Category_001,315.24,8,5524,1.35
Product_1918,Category_018,620.49,12,4584,2.03
Product_1144,Category_007,1032.33,2,5246,1.36
Product_1876,Category_001,260.34,2,3604,2.23
Product_1767,Category_001,251.12,14,4129,1.03
Product_1859,Category_001,330.66,5,1103,1.13
Product_0806,Category_001,378.78,3,2012,0.99
Product_0060,Category_019,522.41,3,5210,1.19
Product_0350,Category_021,333.39,4,2842,1.93
Product_0693,Category_001,557.19,12,4727,0.99
Product_0655,Category_011,380.65,7,4528,1.01
Product_1772,Category_024,83.92,10,1122,0.87
Product_1146,Category_028,161.13,9,3961,1.89
Product_0811,Category_001,1006.15,6,2476,1.76
Product_0565,Category_015,466.68,14,1626,1.24
Product_1781,Category_018,113.3,12,5072,1.12
Product_1929,Category_001,1581.95,9,3970,1.86
Product_0540,Category_022,829.42,2,1044,2.43
Product_0694,Category_001,131.65,3,5565,1.85
Product_1956,Category_001,322.0,3,3497,2.17
Product_0641,Category_019,395.41,13,3391,1.23
Product_0640,Category_019,254.22,12,4010,1.41
Product_1953,Category_001,186.34,7,3979,0.95
Product_0813,Category_001,577.74,2,2812,3.05
Product_1693,Category_021,287.83,5,5202,1.14
Product_1940,Category_001,300.9,4,2453,0.79
Product_1168,Category_007,1090.38,6,5786,1.36
Product_1019,Category_007,321.88,12,4644,4.14
Product_1894,Category_021,161.75,13,2480,1.54
Product_0530,Category_022,308.35,3,3105,5.42
Product_1694,Category_021,523.24,10,3156,1.28
Product_0954,Category_028,919.69,5,3578,1.26
Product_1111,Category_007,439.37,4,4617,1.29
Product_1662,Category_026,104.79,3,3093,3.17
Product_0432,Category_018,106.78,9,1542,2.54
Product_0457,Category_015,248.71,8,1157,1.59
Product_0262,Category_001,208.33,5,1046,0.95
Product_0946,Category_018,326.62,12,1121,0.8
Product_0449,Category_015,199.3,9,1188,1.69
Product_1852,Category_001,711.07,12,951,1.16
Product_0867,Category_001,822.54,12,5390,1.01
Product_0328,Category_021,332.72,8,2320,2.53
Product_1709,Category_021,120.78,3,3599,1.74
Product_1644,Category_024,510.02,6,1824,1.25
Product_0057,Category_019,427.74,2,4176,0.81
Product_1874,Category_001,285.32,13,5600,0.83
Product_0675,Category_011,232.0,13,3382,0.92
Product_2152,Category_021,273.81,2,1594,1.08
Product_0626,Category_001,215.47,3,1222,1.87
Product_1946,Category_001,259.92,4,4950,0.98
Product_0482,Category_015,607.2,7,3599,1.07
Product_0340,Category_021,233.44,8,3415,1.0
Product_1927,Category_001,867.94,12,5431,1.72
Product_1943,Category_001,149.67,7,4448,1.18
Product_1930,Category_001,918.66,13,3401,0.81
Product_2151,Category_019,516.96,9,3396,1.29
Product_0256,Category_001,408.83,10,2130,0.97
Product_0611,Category_001,243.49,7,3673,2.83
Product_1898,Category_024,136.41,9,4033,0.8
Product_0777,Category_001,781.56,10,5614,2.3
Product_1665,Category_026,262.22,2,1891,1.34
Product_0824,Category_017,156.71,6,4053,3.29
Product_1711,Category_026,402.83,9,1757,0.77
Product_1696,Category_021,146.34,4,2566,1.05
Product_1720,Category_003,476.57,12,2288,2.6
Product_1620,Category_006,394.71,7,1474,1.28
Product_0541,Category_022,1228.61,3,1010,1.91
Product_1882,Category_006,53.43,6,1726,1.09
Product_0156,Category_021,508.73,9,5731,2.26
Product_1769,Category_001,273.07,7,3639,1.01
Product_2119,Category_009,363.36,13,4339,2.83
Product_1923,Category_001,394.06,3,2436,2.04
Product_0393,Category_007,357.26,12,3093,1.23
Product_0807,Category_001,327.33,11,2396,1.37
Product_1690,Category_021,390.18,11,873,1.23
Product_1864,Category_001,225.32,9,2721,1.15
Product_0473,Category_015,162.17,13,3431,1.88
Product_1976,Category_007,137.33,3,3415,1.09
Product_1615,Category_019,421.79,6,1103,1.2
Product_1877,Category_001,580.05,9,916,1.36
Product_2051,Category_021,417.76,8,2334,2.77
Product_0264,Category_001,177.15,6,1121,1.11
Product_0629,Category_001,897.78,14,3727,1.38
Product_0526,Category_022,201.28,13,1585,2.15
Product_1870,Category_001,194.76,7,2410,1.39
Product_0812,Category_001,239.25,3,3910,1.82
Product_0059,Category_019,414.02,8,5626,0.81
Product_1585,Category_031,93.01,4,5123,3.81
Product_1768,Category_001,151.55,8,1897,1.24
Product_1753,Category_001,1153.58,12,5723,1.16
Product_1685,Category_021,186.79,10,5169,1.01
Product_0450,Category_015,159.78,9,4594,0.88
Product_1867,Category_001,164.08,9,2326,0.82
Product_1935,Category_001,107.56,3,5312,1.83
Product_1937,Category_001,365.07,4,2641,1.14
Product_0499,Category_015,282.42,3,2579,2.08
Product_1939,Category_001,483.47,5,5805,0.75
Product_1701,Category_026,38.4,12,2191,0.78
Product_0269,Category_001,567.85,8,2467,1.09
Product_1617,Category_024,193.85,14,2562,2.6
Product_1924,Category_001,1086.58,12,2472,1.07
Product_1865,Category_001,95.56,8,2540,1.04
Product_1964,Category_001,414.0,2,4601,1.21
Product_0466,Category_012,168.94,13,5045,5.25
Product_0268,Category_001,169.62,11,3918,0.76
Product_1756,Category_001,300.33,9,4428,1.33
Product_0624,Category_001,328.08,11,2568,0.98
Product_0644,Category_019,82.92,9,5961,1.04
Product_1619,Category_024,256.91,3,3548,4.54
Product_2125,Category_009,1895.44,9,4764,4.14
Product_1936,Category_001,241.95,12,3865,1.04
Product_0265,Category_001,867.72,7,1870,1.12
Product_1566,Category_019,115.9,3,3384,1.32
Product_1856,Category_001,341.51,9,4175,1.43
Product_0258,Category_001,1482.48,4,5996,1.15
Product_0270,Category_001,501.46,14,1172,1.21
Product_0528,Category_022,167.49,9,5949,1.95
Product_0164,Category_021,119.94,5,5011,1.32
Product_1866,Category_001,448.13,3,2225,1.04
Product_0864,Category_019,243.69,6,3749,1.18
Product_1071,Category_020,206.47,8,5952,4.45
Product_1702,Category_026,100.38,14,2657,0.95
Product_1941,Category_001,792.1,9,3511,1.02
Product_1808,Category_028,137.24,9,3352,1.35
Product_1945,Category_001,312.24,5,3652,1.13
Product_1952,Category_001,340.0,13,5981,1.29
Product_0442,Category_015,755.19,7,4177,1.44
Product_1860,Category_001,203.57,7,1612,1.09
Product_0259,Category_001,103.88,4,1241,1.39
Product_0862,Category_019,343.42,12,3272,1.39
Product_1584,Category_031,296.15,6,3963,1.83
Product_1931,Category_001,129.25,8,2565,1.04
Product_1963,Category_001,218.22,14,4117,1.23
Product_0331,Category_021,362.43,4,1775,1.36
Product_1919,Category_001,541.98,5,3866,1.15
Product_1099,Category_032,599.62,6,1116,2.17
Product_0494,Category_015,789.52,12,1136,1.16
Product_1955,Category_001,588.56,4,1012,0.94
Product_1804,Category_006,199.33,6,1740,1.14
Product_0525,Category_022,325.64,12,1194,1.02
Product_0271,Category_001,285.72,12,1404,1.1
Product_0327,Category_021,178.99,10,4995,1.28
Product_0531,Category_022,88.16,7,2476,1.26
Product_0257,Category_001,276.91,7,5326,1.15
Product_0965,Category_006,537.37,6,4293,0.79
Product_0959,Category_028,208.07,4,1391,1.31
Product_0498,Category_015,576.64,8,3396,1.06
Product_0518,Category_022,236.71,5,1733,1.67
Product_0362,Category_030,365.72,11,2357,0.9
Product_1974,Category_006,317.12,2,905,1.07
Product_0945,Category_018,475.67,11,2384,0.91
Product_1933,Category_001,264.73,10,2454,1.46
Product_0947,Category_018,1530.18,13,3752,0.75
Product_1965,Category_001,456.05,12,4863,1.24
Product_1169,Category_007,143.45,10,4938,1.23
Product_0319,Category_017,280.66,2,3143,1.72
Product_0598,Category_017,134.44,14,3312,1.16
Product_0944,Category_018,193.15,5,3862,1.11
Product_1948,Category_001,230.01,6,5412,1.15
Product_1961,Category_001,1031.79,2,3484,0.87
Product_0500,Category_015,824.43,13,2222,0.98
Product_1949,Category_001,509.77,6,2903,0.84
Product_0148,Category_023,229.03,3,2369,0.99
Product_1861,Category_001,414.8,7,5646,0.75
Product_0363,Category_023,264.38,10,2652,0.91
Product_0637,Category_007,1542.23,5,4679,0.77
Product_0440,Category_012,467.62,11,5865,1.41
Product_1950,Category_001,450.83,2,2803,1.05
Product_1932,Category_001,204.26,7,4792,0.95
Product_1922,Category_001,204.08,8,3496,1.38
Product_0630,Category_001,174.85,11,3645,1.3
Product_1862,Category_001,363.1,6,3143,1.33
Product_0825,Category_024,732.68,12,4918,1.28
Product_0519,Category_022,114.23,11,3699,1.08
Product_0647,Category_027,96.94,13,5251,1.08
Product_2147,Category_027,114.74,3,2398,1.32
Product_1854,Category_001,946.28,5,2914,1.5
Product_1179,Category_024,640.78,12,3455,1.58
Product_1951,Category_001,493.87,7,2996,1.23
Product_1921,Category_001,294.49,13,3344,0.9
Product_1947,Category_001,178.44,13,3897,0.75
Product_1975,Category_006,900.6,9,1449,0.82
Product_0403,Category_032,172.72,5,3437,2.43
Product_2060,Category_018,253.47,5,5655,2.0
Product_0673,Category_011,429.84,8,3748,1.27
Product_0597,Category_017,278.65,8,2366,1.16
Product_1873,Category_001,1025.37,5,5378,0.92
Product_1697,Category_021,488.27,14,1486,0.92
Product_0633,Category_001,94.5,2,4698,0.82
Product_1100,Category_032,517.55,11,1220,1.35
Product_0480,Category_014,101.83,9,3608,1.07
Product_1793,Category_024,114.63,14,2150,1.48
Product_1934,Category_001,382.87,4,2192,1.06
Product_1857,Category_001,849.35,6,3064,0.96
Product_0865,Category_019,419.5,6,5321,1.12
Product_0674,Category_011,282.07,7,4662,1.11
Product_1695,Category_021,317.85,2,4534,0.96
Product_0536,Category_022,311.51,5,2440,1.3
Product_1773,Category_024,267.68,10,2842,1.07
Product_0612,Category_001,88.5,5,4382,1.31
Product_1707,Category_026,644.86,11,2053,1.47
Product_0638,Category_007,65.85,11,4913,0.96
Product_0075,Category_028,288.55,12,4911,1.45
Product_0465,Category_012,837.37,14,5365,2.27
Product_1863,Category_001,545.5,11,1670,1.5
Product_0467,Category_013,260.18,11,5025,1.05
Product_1944,Category_001,256.91,3,5745,0.8
Product_0527,Category_022,856.17,4,3722,1.44
Product_1698,Category_021,256.91,12,1737,1.34
Product_1647,Category_024,285.96,5,4053,1.24
