Supplier_ID,SKU,Lead_Time_Days,Supplier_Reliability,MOQ
SUP_0001,Product_1359,4,99.0,9637
SUP_0002,Product_0083,14,67.54,9336
SUP_0003,Product_1248,7,79.29,9755
SUP_0004,Product_1295,4,79.42,5564
SUP_0005,Product_1432,2,59.21,3877
SUP_0006,Product_1241,4,77.72,3691
SUP_0007,Product_1286,5,75.78,3914
SUP_0008,Product_1287,11,81.91,10084
SUP_0009,Product_1451,14,41.25,11638
SUP_0010,Product_1274,4,96.61,8473
SUP_0011,Product_1378,6,89.0,2382
SUP_0012,Product_1382,10,89.29,6938
SUP_0013,Product_1245,14,60.76,22029
SUP_0014,Product_1480,12,44.27,4057
SUP_0015,Product_1341,14,68.17,3980
SUP_0016,Product_1264,6,54.26,1620
SUP_0017,Product_1294,8,99.0,5130
SUP_0018,Product_1263,12,65.46,7296
SUP_0019,Product_1453,5,74.84,6271
SUP_0020,Product_1350,5,68.25,4282
SUP_0021,Product_1016,8,65.18,6397
SUP_0022,Product_1342,8,82.94,2724
SUP_0023,Product_1360,11,93.53,4761
SUP_0024,Product_1570,6,31.63,15303
SUP_0025,Product_1377,4,49.14,4409
SUP_0026,Product_1502,4,59.72,6261
SUP_0027,Product_1157,6,52.79,2807
SUP_0028,Product_1152,7,33.59,3023
SUP_0029,Product_0033,6,77.77,2453
SUP_0030,Product_1403,9,84.91,1749
SUP_0031,Product_1394,2,64.42,1986
SUP_0032,Product_1278,9,67.22,2915
SUP_0033,Product_1574,3,99.0,1619
SUP_0034,Product_1361,9,45.89,8984
SUP_0035,Product_1267,7,52.27,10498
SUP_0036,Product_1166,11,23.59,10844
SUP_0037,Product_1431,4,86.12,14067
SUP_0038,Product_1526,8,47.36,1537
SUP_0039,Product_1470,8,59.95,4433
SUP_0040,Product_1554,11,99.0,3637
SUP_0041,Product_1825,5,99.0,1636
SUP_0042,Product_1356,4,93.51,6202
SUP_0043,Product_1381,11,76.23,1387
SUP_0044,Product_1393,11,47.64,6482
SUP_0045,Product_1456,9,78.74,2632
SUP_0046,Product_1234,5,71.73,2590
SUP_0047,Product_1452,11,94.53,3004
SUP_0048,Product_1242,6,99.0,1720
SUP_0049,Product_1410,11,30.49,3639
SUP_0050,Product_0094,7,91.35,1701
SUP_0051,Product_1250,8,99.0,6451
SUP_0052,Product_1281,7,60.18,3403
SUP_0053,Product_1970,2,55.01,3919
SUP_0054,Product_1355,13,65.1,2222
SUP_0055,Product_0931,6,28.56,3406
SUP_0056,Product_1158,9,41.2,3897
SUP_0057,Product_1886,6,31.04,1235
SUP_0058,Product_1555,10,82.35,5713
SUP_0059,Product_1839,5,53.86,1054
SUP_0060,Product_1496,7,87.73,2341
SUP_0061,Product_1316,3,70.05,1577
SUP_0062,Product_0066,3,88.62,2041
SUP_0063,Product_1396,7,77.7,2668
SUP_0064,Product_1439,2,82.21,1356
SUP_0065,Product_1149,5,43.55,1152
SUP_0066,Product_0071,10,72.18,9719
SUP_0067,Product_1159,4,32.61,8499
SUP_0068,Product_1150,9,45.88,4092
SUP_0069,Product_0936,11,31.05,1448
SUP_0070,Product_0064,12,75.37,2709
SUP_0071,Product_1521,8,45.08,3559
SUP_0072,Product_1156,8,70.23,4976
SUP_0073,Product_1520,6,99.0,921
SUP_0074,Product_1290,14,64.22,3701
SUP_0075,Product_0933,10,57.06,4808
SUP_0076,Product_1262,12,83.61,3150
SUP_0077,Product_0084,7,50.89,3486
SUP_0078,Product_1512,6,99.0,1103
SUP_0079,Product_1407,6,96.63,1733
SUP_0080,Product_1513,10,75.17,7118
SUP_0081,Product_1018,6,49.84,3010
SUP_0082,Product_1282,12,59.2,2761
SUP_0083,Product_1375,3,77.16,797
SUP_0084,Product_1279,5,94.66,1497
SUP_0085,Product_1216,11,74.98,7726
SUP_0086,Product_1430,13,55.22,2464
SUP_0087,Product_1904,10,78.17,2738
SUP_0088,Product_1315,12,68.51,2159
SUP_0089,Product_1233,5,92.69,3666
SUP_0090,Product_0082,5,88.42,8758
SUP_0091,Product_0063,7,46.14,1540
SUP_0092,Product_1581,6,71.98,3899
SUP_0093,Product_1479,4,99.0,2128
SUP_0094,Product_1269,13,53.46,2976
SUP_0095,Product_1299,6,76.28,2059
SUP_0096,Product_1450,3,75.84,1971
SUP_0097,Product_0070,2,78.24,1197
SUP_0098,Product_0982,11,51.92,3124
SUP_0099,Product_1463,11,57.27,915
SUP_0100,Product_1508,2,55.74,1012
SUP_0101,Product_1388,14,99.0,4359
SUP_0102,Product_1465,8,76.52,2179
SUP_0103,Product_1151,9,3.96,1713
SUP_0104,Product_1823,8,23.53,1587
SUP_0105,Product_1135,9,64.07,3527
SUP_0106,Product_1246,7,97.9,4611
SUP_0107,Product_1817,11,62.01,1252
SUP_0108,Product_1237,3,67.08,2875
SUP_0109,Product_1435,13,46.94,1074
SUP_0110,Product_1048,6,75.25,738
SUP_0111,Product_1312,2,70.07,949
SUP_0112,Product_1165,11,56.89,1184
SUP_0113,Product_1023,8,6.31,1771
SUP_0114,Product_0985,3,59.55,1162
SUP_0115,Product_1195,13,85.59,1587
SUP_0116,Product_1348,12,80.77,1554
SUP_0117,Product_0096,13,77.14,1609
SUP_0118,Product_1270,13,64.58,894
SUP_0119,Product_1624,10,99.0,3206
SUP_0120,Product_0979,3,78.18,2147
SUP_0121,Product_1224,6,99.0,2708
SUP_0122,Product_1567,5,74.57,1859
SUP_0123,Product_0021,6,81.47,824
SUP_0124,Product_1418,7,93.13,879
SUP_0125,Product_1787,4,31.88,894
SUP_0126,Product_0990,9,49.13,833
SUP_0127,Product_0002,2,67.66,2061
SUP_0128,Product_1483,6,63.85,2369
SUP_0129,Product_0098,5,99.0,865
SUP_0130,Product_1548,10,53.9,2693
SUP_0131,Product_0031,9,77.27,5058
SUP_0132,Product_0077,8,65.71,631
SUP_0133,Product_2042,5,34.56,691
SUP_0134,Product_1222,8,66.48,917
SUP_0135,Product_1047,6,21.51,2514
SUP_0136,Product_1766,14,76.15,1677
SUP_0137,Product_1153,5,99.0,2085
SUP_0138,Product_0072,12,99.0,2603
SUP_0139,Product_1162,8,89.46,1370
SUP_0140,Product_0073,11,79.69,2146
SUP_0141,Product_0424,4,82.18,3247
SUP_0142,Product_1354,4,89.85,920
SUP_0143,Product_1812,10,52.4,1867
SUP_0144,Product_2034,11,39.88,1078
SUP_0145,Product_1493,4,80.07,4206
SUP_0146,Product_1402,3,59.5,653
SUP_0147,Product_0829,7,82.91,947
SUP_0148,Product_0998,11,64.15,1921
SUP_0149,Product_0943,10,51.81,692
SUP_0150,Product_0089,8,76.15,1301
SUP_0151,Product_1556,13,23.12,2303
SUP_0152,Product_1397,11,79.89,3793
SUP_0153,Product_1399,14,79.2,1023
SUP_0154,Product_1788,2,27.46,1736
SUP_0155,Product_1363,10,86.36,2847
SUP_0156,Product_1349,14,73.33,1129
SUP_0157,Product_1458,13,42.35,1720
SUP_0158,Product_0374,4,67.62,6239
SUP_0159,Product_1163,12,75.43,958
SUP_0160,Product_1387,9,74.81,1071
SUP_0161,Product_1256,10,93.47,749
SUP_0162,Product_0093,13,56.49,1760
SUP_0163,Product_0016,6,93.4,1392
SUP_0164,Product_1380,4,72.08,1291
SUP_0165,Product_1991,6,67.34,523
SUP_0166,Product_1374,3,92.81,1316
SUP_0167,Product_1314,8,79.82,601
SUP_0168,Product_2043,10,53.52,464
SUP_0169,Product_1372,3,99.0,695
SUP_0170,Product_1134,7,73.06,1383
SUP_0171,Product_1154,7,42.23,1879
SUP_0172,Product_1455,10,61.12,693
SUP_0173,Product_1392,12,90.16,1521
SUP_0174,Product_1466,5,66.46,794
SUP_0175,Product_0065,2,62.44,878
SUP_0176,Product_1469,12,60.33,616
SUP_0177,Product_1818,3,65.93,1482
SUP_0178,Product_0012,5,96.39,1382
SUP_0179,Product_0981,5,61.21,1230
SUP_0180,Product_1969,13,82.84,3816
SUP_0181,Product_1573,2,77.37,627
SUP_0182,Product_1438,7,97.77,354
SUP_0183,Product_1459,14,98.69,2491
SUP_0184,Product_0109,8,45.57,2435
SUP_0185,Product_1637,3,80.39,1245
SUP_0186,Product_0202,9,56.35,2727
SUP_0187,Product_0108,7,75.04,1511
SUP_0188,Product_1243,8,75.41,1398
SUP_0189,Product_1247,2,99.0,1490
SUP_0190,Product_0837,5,71.14,826
SUP_0191,Product_1464,2,81.25,824
SUP_0192,Product_1198,8,60.38,1418
SUP_0193,Product_1273,5,88.62,1029
SUP_0194,Product_1429,4,61.08,1062
SUP_0195,Product_0079,6,74.43,1114
SUP_0196,Product_2015,7,77.4,817
SUP_0197,Product_1523,5,71.09,1003
SUP_0198,Product_1309,2,81.63,2090
SUP_0199,Product_0018,7,39.72,2030
SUP_0200,Product_1376,10,99.0,2085
SUP_0201,Product_1268,8,70.23,1651
SUP_0202,Product_0932,2,36.14,503
SUP_0203,Product_1239,13,57.23,1018
SUP_0204,Product_1461,14,51.0,2248
SUP_0205,Product_1164,12,42.59,922
SUP_0206,Product_1101,13,43.93,257
SUP_0207,Product_1997,9,99.0,656
SUP_0208,Product_1147,7,99.0,1083
SUP_0209,Product_1437,11,98.7,645
SUP_0210,Product_0387,9,73.18,826
SUP_0211,Product_1571,8,65.03,1736
SUP_0212,Product_0980,12,55.63,1431
SUP_0213,Product_1404,8,88.98,1432
SUP_0214,Product_0677,11,52.9,1027
SUP_0215,Product_1478,8,75.94,1890
SUP_0216,Product_2044,5,59.87,891
SUP_0217,Product_1244,8,94.02,921
SUP_0218,Product_1357,2,94.25,1236
SUP_0219,Product_1347,12,91.03,1343
SUP_0220,Product_1398,4,48.03,1555
SUP_0221,Product_1826,11,70.15,1671
SUP_0222,Product_0984,8,25.88,866
SUP_0223,Product_1288,3,48.52,475
SUP_0224,Product_0930,14,38.32,1492
SUP_0225,Product_1824,5,92.77,517
SUP_0226,Product_1253,12,38.63,2927
SUP_0227,Product_0941,9,74.24,1646
SUP_0228,Product_1419,9,84.2,1680
SUP_0229,Product_2004,4,55.9,3402
SUP_0230,Product_1835,6,64.63,1028
SUP_0231,Product_1344,3,66.05,2723
SUP_0232,Product_0556,6,95.26,857
SUP_0233,Product_1460,14,80.81,1183
SUP_0234,Product_1485,14,76.12,1193
SUP_0235,Product_1424,10,69.87,1020
SUP_0236,Product_0085,13,65.6,3607
SUP_0237,Product_2035,10,34.39,717
SUP_0238,Product_1643,7,68.26,3636
SUP_0239,Product_1846,11,82.64,1505
SUP_0240,Product_1266,4,40.89,344
SUP_0241,Product_0418,3,99.0,1582
SUP_0242,Product_1304,12,99.0,822
SUP_0243,Product_1215,7,92.37,1455
SUP_0244,Product_1000,8,46.9,477
SUP_0245,Product_0929,3,36.88,465
SUP_0246,Product_2033,6,50.65,1781
SUP_0247,Product_2032,9,44.51,548
SUP_0248,Product_1346,2,50.44,570
SUP_0249,Product_1284,2,62.59,3554
SUP_0250,Product_2036,7,23.86,1526
SUP_0251,Product_1841,6,91.57,356
SUP_0252,Product_0086,2,93.78,762
SUP_0253,Product_1603,14,59.82,1758
SUP_0254,Product_1400,12,51.94,1170
SUP_0255,Product_1167,2,73.06,315
SUP_0256,Product_1967,11,92.86,1451
SUP_0257,Product_2001,13,48.38,1360
SUP_0258,Product_0368,11,82.49,1146
SUP_0259,Product_1148,8,51.8,3539
SUP_0260,Product_0062,14,67.72,707
SUP_0261,Product_1366,8,87.11,957
SUP_0262,Product_1369,8,90.32,1771
SUP_0263,Product_0355,5,46.08,2999
SUP_0264,Product_1385,11,75.6,728
SUP_0265,Product_0011,6,97.65,1689
SUP_0266,Product_0407,12,81.33,688
SUP_0267,Product_1220,2,48.25,799
SUP_0268,Product_0074,12,76.47,1233
SUP_0269,Product_2010,13,49.22,1205
SUP_0270,Product_1235,5,85.96,1335
SUP_0271,Product_0427,3,81.92,725
SUP_0272,Product_1420,9,64.06,1062
SUP_0273,Product_1981,4,44.59,1373
SUP_0274,Product_0357,5,48.37,1810
SUP_0275,Product_1408,8,79.9,997
SUP_0276,Product_1001,2,56.16,621
SUP_0277,Product_0942,4,54.93,513
SUP_0278,Product_1416,9,54.52,950
SUP_0279,Product_1401,13,99.0,1402
SUP_0280,Product_1539,6,82.72,2429
SUP_0281,Product_1833,8,52.16,1082
SUP_0282,Product_0020,6,88.99,890
SUP_0283,Product_0366,2,99.0,807
SUP_0284,Product_2046,11,40.52,601
SUP_0285,Product_0408,8,69.0,1135
SUP_0286,Product_1423,5,75.97,427
SUP_0287,Product_0146,14,99.0,1036
SUP_0288,Product_1467,4,83.75,2043
SUP_0289,Product_0145,4,72.11,809
SUP_0290,Product_0831,14,65.56,857
SUP_0291,Product_0099,13,77.45,287
SUP_0292,Product_1568,3,98.62,352
SUP_0293,Product_1409,10,73.46,1281
SUP_0294,Product_1352,5,71.29,776
SUP_0295,Product_1427,11,69.54,654
SUP_0296,Product_0420,5,88.56,600
SUP_0297,Product_0081,11,65.3,3546
SUP_0298,Product_1489,8,67.28,519
SUP_0299,Product_1977,9,71.86,1636
SUP_0300,Product_1515,5,90.75,416
SUP_0301,Product_1832,9,52.05,415
SUP_0302,Product_0975,13,43.0,528
SUP_0303,Product_2047,9,78.16,927
SUP_0304,Product_1289,9,99.0,911
SUP_0305,Product_1486,10,64.42,1448
SUP_0306,Product_1371,8,81.97,753
SUP_0307,Product_1217,12,53.84,774
SUP_0308,Product_0191,7,77.34,653
SUP_0309,Product_1078,12,45.02,1493
SUP_0310,Product_1652,5,77.93,380
SUP_0311,Product_0379,7,54.24,732
SUP_0312,Product_1580,6,59.21,327
SUP_0313,Product_1221,8,69.83,314
SUP_0314,Product_1988,12,77.93,1217
SUP_0315,Product_0036,8,54.55,1417
SUP_0316,Product_1765,5,71.52,867
SUP_0317,Product_1578,6,71.56,571
SUP_0318,Product_1601,9,83.63,488
SUP_0319,Product_1519,7,67.6,441
SUP_0320,Product_1213,8,94.17,557
SUP_0321,Product_1345,10,61.91,943
SUP_0322,Product_0178,3,90.82,619
SUP_0323,Product_1820,12,19.63,1010
SUP_0324,Product_1906,7,99.0,623
SUP_0325,Product_1905,11,70.34,1090
SUP_0326,Product_1368,5,78.84,1182
SUP_0327,Product_0962,9,82.72,960
SUP_0328,Product_1454,10,41.8,1252
SUP_0329,Product_1373,12,55.21,784
SUP_0330,Product_1629,2,91.81,403
SUP_0331,Product_2045,6,63.3,728
SUP_0332,Product_2048,10,62.9,1254
SUP_0333,Product_1436,4,88.21,393
SUP_0334,Product_2006,7,79.79,449
SUP_0335,Product_1540,8,99.0,267
SUP_0336,Product_1541,3,80.16,255
SUP_0337,Product_0937,8,61.07,1146
SUP_0338,Product_1505,13,68.43,714
SUP_0339,Product_0422,14,77.52,1057
SUP_0340,Product_1353,12,99.0,288
SUP_0341,Product_1391,9,84.19,744
SUP_0342,Product_0025,9,68.72,775
SUP_0343,Product_1030,12,65.1,546
SUP_0344,Product_1285,8,90.58,964
SUP_0345,Product_1577,3,91.99,666
SUP_0346,Product_1240,14,86.08,667
SUP_0347,Product_1838,11,69.6,1211
SUP_0348,Product_1362,6,70.86,306
SUP_0349,Product_1813,3,53.77,593
SUP_0350,Product_1280,9,88.27,1079
SUP_0351,Product_1199,13,86.42,1816
SUP_0352,Product_1422,5,49.19,782
SUP_0353,Product_0415,2,90.93,1286
SUP_0354,Product_1104,12,41.67,272
SUP_0355,Product_1155,8,42.98,372
SUP_0356,Product_1297,11,71.58,1021
SUP_0357,Product_1564,13,81.66,370
SUP_0358,Product_0411,12,29.46,857
SUP_0359,Product_1008,12,42.84,770
SUP_0360,Product_1005,9,60.14,784
SUP_0361,Product_1510,11,79.38,428
SUP_0362,Product_1582,8,68.6,790
SUP_0363,Product_1236,12,71.62,888
SUP_0364,Product_1383,5,99.0,498
SUP_0365,Product_0996,8,54.3,783
SUP_0366,Product_1272,11,93.43,463
SUP_0367,Product_1507,9,97.55,812
SUP_0368,Product_1219,11,71.9,985
SUP_0369,Product_0553,2,81.84,354
SUP_0370,Product_0558,12,88.48,337
SUP_0371,Product_0032,14,86.56,1980
SUP_0372,Product_1017,8,72.67,187
SUP_0373,Product_0385,7,69.25,385
SUP_0374,Product_0973,11,22.26,610
SUP_0375,Product_1495,6,54.85,339
SUP_0376,Product_1821,10,62.07,670
SUP_0377,Product_0095,2,90.18,852
SUP_0378,Product_1740,10,47.58,360
SUP_0379,Product_0425,3,95.15,794
SUP_0380,Product_1482,10,87.51,614
SUP_0381,Product_0128,12,63.19,342
SUP_0382,Product_1785,11,19.01,826
SUP_0383,Product_1472,3,67.67,677
SUP_0384,Product_2027,11,74.0,853
SUP_0385,Product_0209,6,73.25,726
SUP_0386,Product_1999,13,89.96,616
SUP_0387,Product_1501,11,85.35,246
SUP_0388,Product_1635,11,74.32,943
SUP_0389,Product_1524,14,58.15,1190
SUP_0390,Product_0832,13,84.35,1110
SUP_0391,Product_1440,7,82.25,1153
SUP_0392,Product_0928,10,88.83,412
SUP_0393,Product_1275,9,63.89,607
SUP_0394,Product_0935,10,58.58,1958
SUP_0395,Product_2019,4,99.0,609
SUP_0396,Product_1527,10,90.69,567
SUP_0397,Product_1492,2,99.0,944
SUP_0398,Product_1468,12,67.77,895
SUP_0399,Product_1209,13,88.34,544
SUP_0400,Product_0552,3,49.99,1878
SUP_0401,Product_0356,9,62.65,433
SUP_0402,Product_0019,14,82.64,1844
SUP_0403,Product_0038,8,93.83,798
SUP_0404,Product_1190,4,51.39,455
SUP_0405,Product_1298,13,99.0,748
SUP_0406,Product_1481,11,58.08,1385
SUP_0407,Product_1210,13,43.51,611
SUP_0408,Product_0100,13,73.16,259
SUP_0409,Product_0035,2,72.06,994
SUP_0410,Product_1648,5,87.84,2264
SUP_0411,Product_0413,14,61.8,438
SUP_0412,Product_1572,8,74.36,991
SUP_0413,Product_1514,6,71.08,898
SUP_0414,Product_1819,10,72.81,504
SUP_0415,Product_0557,11,62.67,580
SUP_0416,Product_0107,2,57.83,287
SUP_0417,Product_0014,4,91.92,932
SUP_0418,Product_1980,5,84.09,413
SUP_0419,Product_1651,2,56.61,531
SUP_0420,Product_1972,10,36.88,650
SUP_0421,Product_0214,6,73.21,686
SUP_0422,Product_2011,2,69.69,310
SUP_0423,Product_1593,3,73.42,139
SUP_0424,Product_1966,9,91.31,727
SUP_0425,Product_1503,6,82.94,129
SUP_0426,Product_1351,4,86.03,758
SUP_0427,Product_0376,5,55.84,1476
SUP_0428,Product_1789,11,40.44,588
SUP_0429,Product_0934,9,43.63,496
SUP_0430,Product_1013,13,64.29,229
SUP_0431,Product_0225,2,87.34,274
SUP_0432,Product_1494,12,72.02,740
SUP_0433,Product_0986,6,32.66,672
SUP_0434,Product_1173,5,96.07,258
SUP_0435,Product_1733,2,99.0,330
SUP_0436,Product_1810,8,81.37,622
SUP_0437,Product_0398,4,58.59,315
SUP_0438,Product_1106,10,75.86,547
SUP_0439,Product_0054,12,67.83,595
SUP_0440,Product_1560,7,89.63,267
SUP_0441,Product_1265,3,85.93,228
SUP_0442,Product_0037,12,55.81,1062
SUP_0443,Product_1276,2,44.62,504
SUP_0444,Product_1587,2,56.99,405
SUP_0445,Product_1271,2,53.58,519
SUP_0446,Product_0940,6,67.21,888
SUP_0447,Product_2008,3,36.25,464
SUP_0448,Product_1211,10,77.17,647
SUP_0449,Product_1191,14,86.01,321
SUP_0450,Product_1414,2,57.63,176
SUP_0451,Product_1623,6,98.75,646
SUP_0452,Product_1973,6,82.21,405
SUP_0453,Product_0126,14,52.34,530
SUP_0454,Product_0976,12,31.03,765
SUP_0455,Product_0401,3,90.3,303
SUP_0456,Product_0044,11,99.0,648
SUP_0457,Product_0193,13,64.33,156
SUP_0458,Product_0069,3,59.38,267
SUP_0459,Product_0479,8,99.0,190
SUP_0460,Product_1744,3,87.42,166
SUP_0461,Product_1561,5,80.17,193
SUP_0462,Product_1739,12,64.48,581
SUP_0463,Product_1227,4,97.86,355
SUP_0464,Product_1421,3,96.61,418
SUP_0465,Product_0001,5,86.14,338
SUP_0466,Product_1447,9,59.05,362
SUP_0467,Product_1878,10,56.99,649
SUP_0468,Product_1509,2,89.83,558
SUP_0469,Product_0023,6,47.09,1481
SUP_0470,Product_0017,7,99.0,932
SUP_0471,Product_1831,10,52.16,338
SUP_0472,Product_0008,5,99.0,555
SUP_0473,Product_1306,12,72.51,253
SUP_0474,Product_1232,2,78.11,631
SUP_0475,Product_1542,7,99.0,321
SUP_0476,Product_1653,11,99.0,613
SUP_0477,Product_1885,5,55.16,178
SUP_0478,Product_0129,8,71.08,395
SUP_0479,Product_1218,9,46.54,598
SUP_0480,Product_1484,10,58.5,594
SUP_0481,Product_1528,14,79.15,579
SUP_0482,Product_0392,14,69.19,566
SUP_0483,Product_2014,6,65.2,498
SUP_0484,Product_0390,13,85.3,629
SUP_0485,Product_1633,9,41.19,572
SUP_0486,Product_0080,3,80.65,565
SUP_0487,Product_1002,3,55.97,143
SUP_0488,Product_0690,8,99.0,302
SUP_0489,Product_1901,6,99.0,776
SUP_0490,Product_1543,7,82.12,540
SUP_0491,Product_1738,3,99.0,385
SUP_0492,Product_1986,5,70.18,535
SUP_0493,Product_1600,10,85.45,631
SUP_0494,Product_0367,14,99.0,199
SUP_0495,Product_1516,7,83.09,497
SUP_0496,Product_1533,7,76.91,409
SUP_0497,Product_1900,13,75.91,795
SUP_0498,Product_0987,7,54.33,208
SUP_0499,Product_0997,7,81.76,675
SUP_0500,Product_1735,5,67.79,1979
SUP_0501,Product_0194,5,61.96,565
SUP_0502,Product_0949,3,99.0,282
SUP_0503,Product_0206,6,97.27,418
SUP_0504,Product_1992,14,68.21,821
SUP_0505,Product_1204,9,62.38,598
SUP_0506,Product_1987,12,68.49,390
SUP_0507,Product_1636,13,46.9,910
SUP_0508,Product_0097,4,71.73,714
SUP_0509,Product_1225,4,90.57,1147
SUP_0510,Product_0561,2,73.71,1499
SUP_0511,Product_1612,9,51.25,600
SUP_0512,Product_1133,13,74.9,303
SUP_0513,Product_0845,8,77.03,612
SUP_0514,Product_1628,9,73.14,640
SUP_0515,Product_1547,7,63.82,252
SUP_0516,Product_1848,5,39.21,182
SUP_0517,Product_0870,6,63.29,532
SUP_0518,Product_2021,14,53.59,801
SUP_0519,Product_1015,12,55.2,510
SUP_0520,Product_0078,13,62.74,214
SUP_0521,Product_1303,4,85.56,444
SUP_0522,Product_1511,11,71.58,736
SUP_0523,Product_1621,14,54.72,507
SUP_0524,Product_1475,7,74.49,343
SUP_0525,Product_0381,6,87.77,414
SUP_0526,Product_1443,9,71.96,204
SUP_0527,Product_1446,11,75.41,338
SUP_0528,Product_1784,3,60.68,355
SUP_0529,Product_1193,6,68.03,285
SUP_0530,Product_1641,10,63.34,739
SUP_0531,Product_1518,12,89.69,3879
SUP_0532,Product_1021,5,99.0,342
SUP_0533,Product_0470,3,99.0,594
SUP_0534,Product_0215,4,44.26,672
SUP_0535,Product_1007,5,53.41,501
SUP_0536,Product_1160,8,69.29,781
SUP_0537,Product_0053,11,78.57,365
SUP_0538,Product_1370,3,92.1,176
SUP_0539,Product_0433,4,76.28,675
SUP_0540,Product_1532,2,98.89,113
SUP_0541,Product_0034,14,82.71,387
SUP_0542,Product_1367,3,99.0,248
SUP_0543,Product_0088,7,79.58,268
SUP_0544,Product_1626,5,76.07,473
SUP_0545,Product_1729,6,91.4,782
SUP_0546,Product_1308,14,91.29,611
SUP_0547,Product_2017,5,98.48,121
SUP_0548,Product_0478,5,91.39,339
SUP_0549,Product_1128,4,84.67,514
SUP_0550,Product_1442,8,99.0,387
SUP_0551,Product_1010,2,55.69,350
SUP_0552,Product_2138,12,54.55,488
SUP_0553,Product_2050,7,78.08,745
SUP_0554,Product_0551,11,71.69,310
SUP_0555,Product_0226,3,61.76,859
SUP_0556,Product_0195,8,50.29,347
SUP_0557,Product_1610,13,61.82,194
SUP_0558,Product_1384,10,85.93,140
SUP_0559,Product_1632,7,93.99,355
SUP_0560,Product_1734,6,69.57,242
SUP_0561,Product_0421,7,99.0,261
SUP_0562,Product_1782,5,24.35,499
SUP_0563,Product_1780,9,54.05,330
SUP_0564,Product_0013,5,74.2,126
SUP_0565,Product_1546,12,57.7,375
SUP_0566,Product_1971,13,60.53,521
SUP_0567,Product_1522,11,99.0,339
SUP_0568,Product_1634,9,38.93,436
SUP_0569,Product_1842,13,57.42,346
SUP_0570,Product_1034,13,62.73,499
SUP_0571,Product_1457,2,86.09,672
SUP_0572,Product_1132,7,68.72,950
SUP_0573,Product_1477,9,87.02,325
SUP_0574,Product_0417,11,48.58,577
SUP_0575,Product_0179,9,13.36,642
SUP_0576,Product_1545,3,58.92,472
SUP_0577,Product_0122,12,68.61,198
SUP_0578,Product_1228,9,58.74,1263
SUP_0579,Product_1995,7,97.81,324
SUP_0580,Product_1736,10,75.77,129
SUP_0581,Product_0113,2,74.82,236
SUP_0582,Product_1596,13,40.4,330
SUP_0583,Product_1743,13,90.61,406
SUP_0584,Product_1249,9,51.09,251
SUP_0585,Product_1899,10,70.37,1034
SUP_0586,Product_1389,7,84.18,140
SUP_0587,Product_1031,13,28.84,223
SUP_0588,Product_0213,7,58.9,273
SUP_0589,Product_1417,2,87.19,311
SUP_0590,Product_1441,2,78.76,1361
SUP_0591,Product_1650,13,99.0,170
SUP_0592,Product_1307,8,97.26,308
SUP_0593,Product_0183,7,69.73,215
SUP_0594,Product_0974,10,42.2,285
SUP_0595,Product_1343,7,62.31,339
SUP_0596,Product_1840,5,54.73,193
SUP_0597,Product_1829,7,70.66,270
SUP_0598,Product_1589,14,44.54,274
SUP_0599,Product_0371,6,94.86,242
SUP_0600,Product_0958,11,96.57,1035
SUP_0601,Product_1474,13,83.75,280
SUP_0602,Product_1003,3,85.24,122
SUP_0603,Product_0015,13,67.3,314
SUP_0604,Product_0885,4,68.44,136
SUP_0605,Product_1009,10,58.94,100
SUP_0606,Product_1731,4,99.0,392
SUP_0607,Product_1746,9,47.24,544
SUP_0608,Product_0127,2,97.5,272
SUP_0609,Product_1449,7,94.33,670
SUP_0610,Product_1968,3,83.44,376
SUP_0611,Product_1500,5,99.0,126
SUP_0612,Product_0101,13,40.64,328
SUP_0613,Product_0871,8,64.4,298
SUP_0614,Product_0905,5,35.28,111
SUP_0615,Product_1445,5,75.55,347
SUP_0616,Product_0004,3,57.16,509
SUP_0617,Product_0087,10,67.55,150
SUP_0618,Product_1415,8,58.32,189
SUP_0619,Product_1630,7,55.26,290
SUP_0620,Product_1488,5,99.0,345
SUP_0621,Product_1487,8,61.61,141
SUP_0622,Product_1790,5,63.5,866
SUP_0623,Product_0419,5,86.3,215
SUP_0624,Product_1390,7,75.97,357
SUP_0625,Product_1880,8,56.85,405
SUP_0626,Product_0061,14,66.61,153
SUP_0627,Product_1732,8,77.53,450
SUP_0628,Product_1379,6,90.25,338
SUP_0629,Product_1504,9,82.52,408
SUP_0630,Product_1229,10,65.41,208
SUP_0631,Product_0999,11,67.72,521
SUP_0632,Product_1161,3,33.65,654
SUP_0633,Product_1444,8,79.27,357
SUP_0634,Product_1214,2,62.82,350
SUP_0635,Product_2031,10,70.67,162
SUP_0636,Product_0894,3,76.75,297
SUP_0637,Product_1847,8,96.47,464
SUP_0638,Product_0838,10,91.63,232
SUP_0639,Product_1588,8,64.11,142
SUP_0640,Product_0147,14,68.91,320
SUP_0641,Product_0989,14,43.81,607
SUP_0642,Product_2041,5,61.86,2103
SUP_0643,Product_0200,13,38.84,220
SUP_0644,Product_1302,4,27.49,245
SUP_0645,Product_1553,2,65.09,173
SUP_0646,Product_0554,13,73.07,1326
SUP_0647,Product_1238,2,87.56,283
SUP_0648,Product_1742,14,99.0,1366
SUP_0649,Product_2029,10,64.99,1910
SUP_0650,Product_2007,14,72.88,363
SUP_0651,Product_1622,8,47.89,395
SUP_0652,Product_2022,4,75.83,532
SUP_0653,Product_1107,4,53.95,462
SUP_0654,Product_0022,6,71.79,434
SUP_0655,Product_1902,5,92.93,147
SUP_0656,Product_0961,2,78.68,354
SUP_0657,Product_1591,3,81.91,187
SUP_0658,Product_1257,7,87.62,288
SUP_0659,Product_0359,2,72.68,642
SUP_0660,Product_1737,13,65.7,243
SUP_0661,Product_1830,12,55.92,282
SUP_0662,Product_0952,6,49.7,282
SUP_0663,Product_1226,6,84.19,312
SUP_0664,Product_1300,8,32.74,750
SUP_0665,Product_0090,5,73.86,186
SUP_0666,Product_0964,13,43.84,317
SUP_0667,Product_1536,10,32.09,136
SUP_0668,Product_0143,6,80.16,257
SUP_0669,Product_0391,10,83.51,180
SUP_0670,Product_0991,14,29.53,183
SUP_0671,Product_1535,7,48.71,912
SUP_0672,Product_1386,9,54.12,458
SUP_0673,Product_1254,5,59.15,150
SUP_0674,Product_0204,10,27.52,1317
SUP_0675,Product_0550,6,84.27,408
SUP_0676,Product_0950,3,27.25,282
SUP_0677,Product_0217,13,42.73,240
SUP_0678,Product_1843,8,49.23,202
SUP_0679,Product_1490,6,80.71,739
SUP_0680,Product_0123,14,63.65,420
SUP_0681,Product_0897,14,71.15,270
SUP_0682,Product_1022,3,35.74,159
SUP_0683,Product_0007,6,78.19,599
SUP_0684,Product_0024,3,99.0,271
SUP_0685,Product_0051,3,74.53,820
SUP_0686,Product_0003,14,83.02,457
SUP_0687,Product_0384,9,64.96,955
SUP_0688,Product_1791,8,32.18,577
SUP_0689,Product_1259,4,50.58,275
SUP_0690,Product_1534,14,46.08,107
SUP_0691,Product_1305,4,60.76,209
SUP_0692,Product_2025,14,65.04,331
SUP_0693,Product_0416,7,71.68,248
SUP_0694,Product_0287,7,57.77,278
SUP_0695,Product_0201,3,58.85,132
SUP_0696,Product_0685,5,93.53,370
SUP_0697,Product_1609,4,99.0,1253
SUP_0698,Product_1903,14,83.4,413
SUP_0699,Product_1576,4,95.92,765
SUP_0700,Product_0219,5,55.81,361
SUP_0701,Product_2082,7,15.69,448
SUP_0702,Product_0841,10,46.72,83
SUP_0703,Product_0863,3,69.57,167
SUP_0704,Product_0026,2,95.29,188
SUP_0705,Product_0068,10,90.14,71
SUP_0706,Product_0618,14,46.3,2096
SUP_0707,Product_1552,4,76.67,266
SUP_0708,Product_1127,11,62.35,383
SUP_0709,Product_1606,7,57.94,304
SUP_0710,Product_1036,14,46.94,369
SUP_0711,Product_2003,13,56.12,388
SUP_0712,Product_1473,4,81.01,306
SUP_0713,Product_1425,6,81.65,256
SUP_0714,Product_0879,8,44.09,186
SUP_0715,Product_0992,7,56.0,348
SUP_0716,Product_1006,12,46.16,239
SUP_0717,Product_2150,3,82.47,664
SUP_0718,Product_2016,10,51.17,512
SUP_0719,Product_1625,10,53.55,147
SUP_0720,Product_0052,11,67.33,732
SUP_0721,Product_0995,10,30.23,653
SUP_0722,Product_1730,10,64.22,390
SUP_0723,Product_0889,5,79.21,56
SUP_0724,Product_0589,8,53.47,192
SUP_0725,Product_1984,5,83.89,209
SUP_0726,Product_1884,6,33.63,173
SUP_0727,Product_0977,10,45.36,154
SUP_0728,Product_1888,3,51.55,225
SUP_0729,Product_2028,5,42.77,145
SUP_0730,Product_0045,11,48.73,500
SUP_0731,Product_1203,12,64.15,499
SUP_0732,Product_1207,7,76.42,439
SUP_0733,Product_0414,2,51.85,274
SUP_0734,Product_1448,5,99.0,881
SUP_0735,Product_0055,11,73.52,201
SUP_0736,Product_0047,8,62.86,168
SUP_0737,Product_0250,12,80.85,101
SUP_0738,Product_1200,4,72.36,224
SUP_0739,Product_1607,14,94.92,402
SUP_0740,Product_1998,12,55.07,388
SUP_0741,Product_1194,2,99.0,234
SUP_0742,Product_1255,6,72.3,142
SUP_0743,Product_0288,14,66.4,1303
SUP_0744,Product_0383,8,59.9,419
SUP_0745,Product_1261,11,66.04,207
SUP_0746,Product_0635,12,83.23,670
SUP_0747,Product_0562,5,40.88,161
SUP_0748,Product_2111,12,47.14,363
SUP_0749,Product_1879,6,80.49,294
SUP_0750,Product_1129,6,68.6,177
SUP_0751,Product_1434,4,61.35,295
SUP_0752,Product_1994,8,94.0,1348
SUP_0753,Product_0469,2,99.0,183
SUP_0754,Product_0564,4,90.81,125
SUP_0755,Product_1985,10,63.88,110
SUP_0756,Product_1109,2,57.62,306
SUP_0757,Product_1550,5,44.55,761
SUP_0758,Product_1296,4,99.0,203
SUP_0759,Product_1598,9,55.62,351
SUP_0760,Product_1499,11,79.69,496
SUP_0761,Product_0886,10,56.88,141
SUP_0762,Product_1557,7,73.16,295
SUP_0763,Product_0830,3,94.7,346
SUP_0764,Product_0563,9,41.18,570
SUP_0765,Product_1649,13,56.7,211
SUP_0766,Product_1301,12,91.32,283
SUP_0767,Product_1313,11,72.68,233
SUP_0768,Product_0963,7,49.73,608
SUP_0769,Product_1811,12,55.87,411
SUP_0770,Product_1004,8,55.62,251
SUP_0771,Product_1014,13,87.27,204
SUP_0772,Product_2002,4,94.04,1034
SUP_0773,Product_1196,5,64.77,143
SUP_0774,Product_0649,4,59.37,464
SUP_0775,Product_1537,8,76.88,423
SUP_0776,Product_1231,14,75.99,122
SUP_0777,Product_2109,2,43.73,90
SUP_0778,Product_1579,9,54.9,330
SUP_0779,Product_2005,13,92.73,171
SUP_0780,Product_1406,13,64.24,135
SUP_0781,Product_1983,3,46.73,216
SUP_0782,Product_1604,11,74.04,2045
SUP_0783,Product_0559,6,88.14,71
SUP_0784,Product_0877,5,61.34,946
SUP_0785,Product_0144,5,67.52,109
SUP_0786,Product_1223,13,43.8,287
SUP_0787,Product_0891,9,62.17,271
SUP_0788,Product_2167,11,34.5,433
SUP_0789,Product_0914,10,56.2,144
SUP_0790,Product_1889,14,67.38,436
SUP_0791,Product_0211,7,41.63,183
SUP_0792,Product_1586,7,88.18,153
SUP_0793,Product_1185,10,53.79,172
SUP_0794,Product_0138,4,47.88,132
SUP_0795,Product_0067,5,66.94,82
SUP_0796,Product_0212,11,48.88,646
SUP_0797,Product_0192,6,61.48,459
SUP_0798,Product_0915,3,73.29,260
SUP_0799,Product_2149,11,56.17,903
SUP_0800,Product_1471,11,68.2,499
SUP_0801,Product_0664,4,61.58,212
SUP_0802,Product_1827,2,30.88,63
SUP_0803,Product_0922,7,75.72,440
SUP_0804,Product_1562,13,65.35,302
SUP_0805,Product_0920,9,48.77,412
SUP_0806,Product_0010,2,52.72,426
SUP_0807,Product_0228,3,47.8,376
SUP_0808,Product_1413,14,45.85,2321
SUP_0809,Product_1990,9,99.0,229
SUP_0810,Product_0358,11,66.46,68
SUP_0811,Product_0110,5,48.94,412
SUP_0812,Product_1032,13,73.01,257
SUP_0813,Product_0957,2,73.64,71
SUP_0814,Product_0207,6,47.56,1281
SUP_0815,Product_0477,11,45.05,542
SUP_0816,Product_1563,3,91.08,222
SUP_0817,Product_1189,8,74.46,612
SUP_0818,Product_1258,7,99.0,228
SUP_0819,Product_0475,9,66.44,127
SUP_0820,Product_1011,6,99.0,115
SUP_0821,Product_1544,12,99.0,294
SUP_0822,Product_0606,8,68.13,395
SUP_0823,Product_0275,9,83.89,370
SUP_0824,Product_0187,3,51.87,402
SUP_0825,Product_0916,11,66.42,450
SUP_0826,Product_1565,4,65.32,233
SUP_0827,Product_2148,2,99.0,242
SUP_0828,Product_0092,7,59.17,902
SUP_0829,Product_1131,10,68.05,137
SUP_0830,Product_1608,7,74.66,843
SUP_0831,Product_0115,11,42.21,269
SUP_0832,Product_0406,11,35.14,69
SUP_0833,Product_1530,4,99.0,133
SUP_0834,Product_0899,5,77.21,117
SUP_0835,Product_0043,2,54.46,204
SUP_0836,Product_2132,8,47.11,68
SUP_0837,Product_1640,3,66.2,437
SUP_0838,Product_1549,9,96.71,349
SUP_0839,Product_1365,9,91.19,260
SUP_0840,Product_1538,4,72.67,594
SUP_0841,Product_1639,8,74.02,288
SUP_0842,Product_1506,5,88.34,324
SUP_0843,Product_0252,8,86.27,139
SUP_0844,Product_1428,12,57.6,275
SUP_0845,Product_1491,9,50.18,210
SUP_0846,Product_0835,14,49.34,517
SUP_0847,Product_0948,14,41.11,81
SUP_0848,Product_0431,12,63.48,629
SUP_0849,Product_0514,8,60.41,74
SUP_0850,Product_2013,3,44.47,560
SUP_0851,Product_0120,7,83.46,65
SUP_0852,Product_1251,8,67.45,1683
SUP_0853,Product_0909,13,99.0,314
SUP_0854,Product_1364,10,99.0,275
SUP_0855,Product_0378,13,73.75,504
SUP_0856,Product_0836,12,34.34,292
SUP_0857,Product_1029,9,51.19,105
SUP_0858,Product_2172,6,92.23,70
SUP_0859,Product_0297,9,63.77,204
SUP_0860,Product_2114,2,87.12,128
SUP_0861,Product_0188,11,62.97,408
SUP_0862,Product_0185,4,46.53,122
SUP_0863,Product_0181,11,68.61,120
SUP_0864,Product_1310,14,79.32,185
SUP_0865,Product_1551,14,76.48,266
SUP_0866,Product_1426,9,19.41,121
SUP_0867,Product_2009,8,75.46,52
SUP_0868,Product_0549,2,99.0,60
SUP_0869,Product_1212,10,99.0,325
SUP_0870,Product_1252,13,58.45,886
SUP_0871,Product_0833,2,97.62,217
SUP_0872,Product_1283,4,82.74,129
SUP_0873,Product_1989,11,40.6,571
SUP_0874,Product_0220,8,5.34,519
SUP_0875,Product_0397,2,89.55,29
SUP_0876,Product_2012,5,77.57,102
SUP_0877,Product_2108,2,41.21,420
SUP_0878,Product_0277,14,46.93,414
SUP_0879,Product_1602,9,87.24,144
SUP_0880,Product_0373,11,57.19,224
SUP_0881,Product_0555,9,66.35,45
SUP_0882,Product_0230,9,26.1,702
SUP_0883,Product_1599,10,97.57,116
SUP_0884,Product_0994,12,52.03,123
SUP_0885,Product_0199,3,52.75,189
SUP_0886,Product_0924,2,90.98,102
SUP_0887,Product_0880,13,64.87,409
SUP_0888,Product_2000,7,61.74,229
SUP_0889,Product_0321,9,44.22,72
SUP_0890,Product_0892,5,82.02,245
SUP_0891,Product_1569,7,93.79,202
SUP_0892,Product_0603,8,63.74,685
SUP_0893,Product_0174,5,33.99,331
SUP_0894,Product_0583,8,26.7,236
SUP_0895,Product_0227,10,47.69,333
SUP_0896,Product_0689,14,40.44,261
SUP_0897,Product_0605,4,42.64,236
SUP_0898,Product_0506,5,66.48,187
SUP_0899,Product_0091,14,94.74,92
SUP_0900,Product_0276,5,62.62,203
SUP_0901,Product_1993,4,67.68,679
SUP_0902,Product_1497,9,54.75,299
SUP_0903,Product_0076,9,99.0,166
SUP_0904,Product_0953,2,42.84,168
SUP_0905,Product_1202,12,75.17,144
SUP_0906,Product_1012,5,95.74,445
SUP_0907,Product_0684,10,69.39,490
SUP_0908,Product_1028,13,23.07,171
SUP_0909,Product_1642,3,82.94,123
SUP_0910,Product_0046,12,53.44,301
SUP_0911,Product_0939,12,72.94,523
SUP_0912,Product_1293,12,99.0,62
SUP_0913,Product_0921,6,91.27,220
SUP_0914,Product_0582,11,60.8,183
SUP_0915,Product_0654,10,87.92,292
SUP_0916,Product_1531,11,84.45,270
SUP_0917,Product_2089,5,99.0,221
SUP_0918,Product_1039,9,85.75,272
SUP_0919,Product_1108,13,60.95,674
SUP_0920,Product_1845,7,53.21,71
SUP_0921,Product_0380,3,83.66,233
SUP_0922,Product_0117,9,98.12,432
SUP_0923,Product_0284,6,72.34,585
SUP_0924,Product_1311,4,52.03,512
SUP_0925,Product_2081,3,69.9,80
SUP_0926,Product_1412,6,97.14,126
SUP_0927,Product_0650,14,74.36,718
SUP_0928,Product_1795,14,60.06,439
SUP_0929,Product_0426,4,91.52,516
SUP_0930,Product_2090,11,59.01,132
SUP_0931,Product_0246,13,54.93,271
SUP_0932,Product_0923,8,68.0,1670
SUP_0933,Product_2100,2,97.85,227
SUP_0934,Product_0971,7,44.51,832
SUP_0935,Product_0593,5,51.61,197
SUP_0936,Product_0876,12,64.79,149
SUP_0937,Product_1462,14,43.17,87
SUP_0938,Product_1517,6,43.5,259
SUP_0939,Product_0349,14,33.48,174
SUP_0940,Product_0050,7,76.96,496
SUP_0941,Product_0224,9,87.71,210
SUP_0942,Product_0229,6,74.98,463
SUP_0943,Product_1605,3,61.15,337
SUP_0944,Product_1201,4,53.67,310
SUP_0945,Product_0648,11,68.84,253
SUP_0946,Product_1887,4,8.39,180
SUP_0947,Product_1796,4,78.48,79
SUP_0948,Product_1188,8,63.29,341
SUP_0949,Product_0386,5,90.75,611
SUP_0950,Product_0983,13,72.16,708
SUP_0951,Product_1043,3,43.23,153
SUP_0952,Product_1411,12,51.94,1414
SUP_0953,Product_0009,12,62.75,151
SUP_0954,Product_0727,5,59.45,414
SUP_0955,Product_0904,5,79.92,266
SUP_0956,Product_0140,12,72.98,269
SUP_0957,Product_0245,6,87.92,142
SUP_0958,Product_0304,3,72.88,38
SUP_0959,Product_0560,9,81.12,153
SUP_0960,Product_0636,10,46.22,361
SUP_0961,Product_2083,5,85.72,138
SUP_0962,Product_1230,12,57.26,1148
SUP_0963,Product_1186,4,63.57,130
SUP_0964,Product_0344,3,88.74,275
SUP_0965,Product_2026,11,42.15,254
SUP_0966,Product_0243,6,35.59,841
SUP_0967,Product_0308,9,37.6,153
SUP_0968,Product_1558,2,81.77,182
SUP_0969,Product_1291,3,70.55,165
SUP_0970,Product_0646,6,72.88,284
SUP_0971,Product_0203,14,65.36,112
SUP_0972,Product_1105,2,86.78,616
SUP_0973,Product_1026,6,63.52,248
SUP_0974,Product_1206,14,80.51,399
SUP_0975,Product_0968,4,64.41,85
SUP_0976,Product_1726,8,65.43,639
SUP_0977,Product_2107,14,2.0,42
SUP_0978,Product_0399,11,45.37,352
SUP_0979,Product_0248,8,32.07,554
SUP_0980,Product_1192,7,63.67,246
SUP_0981,Product_0253,6,23.77,263
SUP_0982,Product_0429,7,99.0,350
SUP_0983,Product_0241,3,44.3,46
SUP_0984,Product_0190,11,35.0,458
SUP_0985,Product_0993,7,79.09,707
SUP_0986,Product_1260,5,68.03,416
SUP_0987,Product_1982,4,53.36,2087
SUP_0988,Product_0599,9,83.85,102
SUP_0989,Product_0883,14,82.09,155
SUP_0990,Product_1187,5,54.66,119
SUP_0991,Product_1996,11,97.44,264
SUP_0992,Product_0005,11,55.12,649
SUP_0993,Product_1140,12,15.93,132
SUP_0994,Product_0604,7,81.84,242
SUP_0995,Product_0437,12,73.17,209
SUP_0996,Product_0242,13,32.47,88
SUP_0997,Product_2030,2,61.45,727
SUP_0998,Product_0898,6,37.93,327
SUP_0999,Product_0439,3,70.16,410
SUP_1000,Product_1638,8,89.66,86
SUP_1001,Product_1197,14,74.83,184
SUP_1002,Product_1277,6,19.26,106
SUP_1003,Product_0875,6,70.8,355
SUP_1004,Product_0463,2,99.0,155
SUP_1005,Product_0476,13,59.29,758
SUP_1006,Product_0056,6,69.64,362
SUP_1007,Product_0208,6,47.13,272
SUP_1008,Product_0888,14,24.08,468
SUP_1009,Product_0901,11,51.43,28
SUP_1010,Product_0301,11,81.09,432
SUP_1011,Product_1037,6,82.82,43
SUP_1012,Product_1077,5,68.72,867
SUP_1013,Product_0619,11,32.93,304
SUP_1014,Product_0453,6,48.35,262
SUP_1015,Product_0890,9,44.93,272
SUP_1016,Product_0978,13,50.42,216
SUP_1017,Product_0028,4,76.79,87
SUP_1018,Product_0175,4,58.57,244
SUP_1019,Product_1627,14,73.5,178
SUP_1020,Product_0382,12,94.34,82
SUP_1021,Product_0400,6,80.88,333
SUP_1022,Product_0590,9,46.51,380
SUP_1023,Product_1040,14,31.87,289
SUP_1024,Product_1183,11,96.89,93
SUP_1025,Product_0724,11,58.17,788
SUP_1026,Product_0239,13,76.97,247
SUP_1027,Product_1631,13,85.9,185
SUP_1028,Product_1433,2,99.0,255
SUP_1029,Product_1595,3,65.91,90
SUP_1030,Product_1045,11,66.79,293
SUP_1031,Product_1498,7,80.91,52
SUP_1032,Product_0130,14,36.62,445
SUP_1033,Product_0223,2,62.47,58
SUP_1034,Product_2076,3,70.63,279
SUP_1035,Product_1890,3,68.0,88
SUP_1036,Product_0834,13,88.69,90
SUP_1037,Product_2023,4,97.98,123
SUP_1038,Product_1978,12,71.66,120
SUP_1039,Product_0884,7,56.26,683
SUP_1040,Product_2137,2,67.54,383
SUP_1041,Product_0370,14,81.36,235
SUP_1042,Product_1114,12,57.51,271
SUP_1043,Product_0767,14,71.76,30
SUP_1044,Product_0027,4,70.13,836
SUP_1045,Product_1085,11,70.42,667
SUP_1046,Product_0254,9,49.07,456
SUP_1047,Product_0286,11,39.72,140
SUP_1048,Product_0040,6,99.0,618
SUP_1049,Product_0486,8,52.95,605
SUP_1050,Product_1405,10,99.0,81
SUP_1051,Product_0006,5,51.85,288
SUP_1052,Product_0436,6,99.0,307
SUP_1053,Product_1033,6,49.71,393
SUP_1054,Product_0039,14,99.0,235
SUP_1055,Product_1724,13,68.01,446
SUP_1056,Product_1069,7,59.99,515
SUP_1057,Product_1292,5,48.25,815
SUP_1058,Product_1611,10,21.74,237
SUP_1059,Product_0249,5,69.66,147
SUP_1060,Product_1205,2,96.52,441
SUP_1061,Product_0049,4,99.0,281
SUP_1062,Product_0158,12,68.04,430
SUP_1063,Product_0182,8,75.83,233
SUP_1064,Product_2088,2,70.3,178
SUP_1065,Product_0235,14,64.4,205
SUP_1066,Product_0377,8,84.64,278
SUP_1067,Product_1126,3,63.26,120
SUP_1068,Product_0273,6,58.0,152
SUP_1069,Product_0042,12,49.22,92
SUP_1070,Product_0423,6,81.71,673
SUP_1071,Product_2128,12,55.35,204
SUP_1072,Product_2112,7,66.9,131
SUP_1073,Product_0723,2,97.79,93
SUP_1074,Product_0184,8,52.05,41
SUP_1075,Product_2135,2,99.0,238
SUP_1076,Product_0196,12,35.93,276
SUP_1077,Product_0154,2,58.63,360
SUP_1078,Product_0969,7,45.86,748
SUP_1079,Product_2053,3,69.56,185
SUP_1080,Product_0186,11,48.32,372
SUP_1081,Product_1041,13,59.51,161
SUP_1082,Product_1979,5,76.03,88
SUP_1083,Product_0030,11,52.64,154
SUP_1084,Product_2072,4,78.91,82
SUP_1085,Product_0221,11,38.91,569
SUP_1086,Product_0926,3,99.0,711
SUP_1087,Product_1038,4,74.06,430
SUP_1088,Product_1130,12,34.55,142
SUP_1089,Product_2110,5,44.62,257
SUP_1090,Product_0911,12,21.33,220
SUP_1091,Product_0313,11,68.55,312
SUP_1092,Product_0238,7,46.82,86
SUP_1093,Product_2101,6,38.41,106
SUP_1094,Product_1529,7,96.9,154
SUP_1095,Product_0907,5,45.29,154
SUP_1096,Product_2123,2,86.7,763
SUP_1097,Product_1137,4,69.15,61
SUP_1098,Product_2133,6,66.04,75
SUP_1099,Product_0925,11,83.46,600
SUP_1100,Product_1583,9,79.63,403
SUP_1101,Product_0389,10,63.43,553
SUP_1102,Product_0872,2,55.14,398
SUP_1103,Product_1115,7,81.69,213
SUP_1104,Product_0410,13,46.76,230
SUP_1105,Product_1597,14,59.51,957
SUP_1106,Product_1052,5,78.71,233
SUP_1107,Product_2154,5,60.25,153
SUP_1108,Product_0409,10,53.33,147
SUP_1109,Product_0142,9,70.49,332
SUP_1110,Product_1044,7,19.12,837
SUP_1111,Product_0566,14,44.99,996
SUP_1112,Product_0320,3,44.77,149
SUP_1113,Product_1042,9,64.6,1198
SUP_1114,Product_0686,12,74.43,275
SUP_1115,Product_1594,4,62.02,403
SUP_1116,Product_0111,6,52.81,426
SUP_1117,Product_0910,2,67.17,141
SUP_1118,Product_1797,4,92.92,143
SUP_1119,Product_0141,5,60.99,39
SUP_1120,Product_0512,8,75.89,310
SUP_1121,Product_2018,4,59.12,331
SUP_1122,Product_2020,14,43.26,230
SUP_1123,Product_1329,8,67.99,353
SUP_1124,Product_0755,9,65.08,365
SUP_1125,Product_0908,8,67.07,257
SUP_1126,Product_1809,2,68.7,366
SUP_1127,Product_1090,14,47.32,146
SUP_1128,Product_0348,4,57.41,339
SUP_1129,Product_1333,13,73.23,201
SUP_1130,Product_2070,4,68.67,105
SUP_1131,Product_0887,6,79.32,361
SUP_1132,Product_0743,14,39.01,228
SUP_1133,Product_0652,9,99.0,98
SUP_1134,Product_0588,5,68.82,156
SUP_1135,Product_0676,9,37.73,151
SUP_1136,Product_2098,12,23.53,170
SUP_1137,Product_1138,8,77.7,655
SUP_1138,Product_0231,10,55.04,333
SUP_1139,Product_1575,4,99.0,110
SUP_1140,Product_1559,2,74.22,115
SUP_1141,Product_0759,13,58.0,788
SUP_1142,Product_0681,10,83.21,253
SUP_1143,Product_1592,11,88.09,274
SUP_1144,Product_1613,7,68.42,162
SUP_1145,Product_0687,12,86.69,436
SUP_1146,Product_0278,5,86.38,306
SUP_1147,Product_1046,9,37.49,203
SUP_1148,Product_0600,10,59.1,509
SUP_1149,Product_1891,11,74.24,255
SUP_1150,Product_0155,6,88.73,460
SUP_1151,Product_2095,9,80.21,332
SUP_1152,Product_2075,5,52.85,420
SUP_1153,Product_1718,3,46.8,460
SUP_1154,Product_2168,9,58.84,376
SUP_1155,Product_0586,12,71.28,456
SUP_1156,Product_1139,9,50.98,1628
SUP_1157,Product_0570,8,78.31,199
SUP_1158,Product_1672,8,43.69,349
SUP_1159,Product_2113,10,70.19,754
SUP_1160,Product_1182,5,33.07,205
SUP_1161,Product_0294,2,47.62,135
SUP_1162,Product_1325,11,68.0,391
SUP_1163,Product_0547,14,45.44,255
SUP_1164,Product_0739,6,33.82,207
SUP_1165,Product_0458,11,84.33,105
SUP_1166,Product_2071,10,81.68,561
SUP_1167,Product_0176,5,32.01,53
SUP_1168,Product_0839,8,72.02,720
SUP_1169,Product_1725,12,8.72,291
SUP_1170,Product_0233,3,60.92,106
SUP_1171,Product_0607,13,66.18,72
SUP_1172,Product_0705,7,82.28,177
SUP_1173,Product_1335,3,72.26,312
SUP_1174,Product_0658,11,36.89,350
SUP_1175,Product_0707,4,77.1,552
SUP_1176,Product_0902,14,68.69,588
SUP_1177,Product_0791,9,45.29,1368
SUP_1178,Product_0572,7,74.88,343
SUP_1179,Product_0495,14,38.65,201
SUP_1180,Product_0274,5,59.78,229
SUP_1181,Product_0300,11,38.23,788
SUP_1182,Product_0700,13,69.58,136
SUP_1183,Product_0768,13,72.22,820
SUP_1184,Product_2139,13,28.54,706
SUP_1185,Product_1051,10,46.47,218
SUP_1186,Product_0882,2,74.01,357
SUP_1187,Product_2129,3,68.18,184
SUP_1188,Product_2159,2,58.94,45
SUP_1189,Product_2087,10,57.49,123
SUP_1190,Product_0131,9,49.3,352
SUP_1191,Product_2118,3,84.63,56
SUP_1192,Product_0139,4,99.0,115
SUP_1193,Product_0412,2,86.13,293
SUP_1194,Product_0680,10,77.09,1306
SUP_1195,Product_1050,5,56.03,658
SUP_1196,Product_0543,2,48.77,739
SUP_1197,Product_1049,2,30.19,102
SUP_1198,Product_0663,2,43.33,479
SUP_1199,Product_0335,11,58.72,341
SUP_1200,Product_0041,2,83.23,158
SUP_1201,Product_0468,12,82.54,285
SUP_1202,Product_0653,4,70.7,19
SUP_1203,Product_1328,9,42.72,108
SUP_1204,Product_0118,9,34.25,322
SUP_1205,Product_0222,9,57.25,173
SUP_1206,Product_1322,13,61.86,213
SUP_1207,Product_0280,3,62.88,177
SUP_1208,Product_0302,2,50.97,155
SUP_1209,Product_1079,6,60.64,425
SUP_1210,Product_1323,13,60.67,290
SUP_1211,Product_2055,11,89.38,233
SUP_1212,Product_2144,3,75.39,380
SUP_1213,Product_2140,8,99.0,234
SUP_1214,Product_0873,7,49.54,497
SUP_1215,Product_0121,8,72.78,228
SUP_1216,Product_0662,4,75.7,61
SUP_1217,Product_2136,13,82.33,114
SUP_1218,Product_0177,6,60.9,222
SUP_1219,Product_1035,13,57.0,320
SUP_1220,Product_0725,6,70.42,155
SUP_1221,Product_0919,10,71.48,510
SUP_1222,Product_0808,5,63.57,267
SUP_1223,Product_1745,11,77.77,273
SUP_1224,Product_0105,11,67.48,436
SUP_1225,Product_0311,9,46.99,334
SUP_1226,Product_0375,8,99.0,182
SUP_1227,Product_1055,9,72.93,149
SUP_1228,Product_0706,9,59.68,123
SUP_1229,Product_0770,8,46.77,368
SUP_1230,Product_0255,5,56.85,172
SUP_1231,Product_1798,9,62.83,240
SUP_1232,Product_0333,6,67.03,157
SUP_1233,Product_1326,8,66.36,112
SUP_1234,Product_0428,9,43.01,837
SUP_1235,Product_0688,10,43.21,955
SUP_1236,Product_0792,14,78.1,380
SUP_1237,Product_0896,11,38.26,198
SUP_1238,Product_1590,7,17.82,172
SUP_1239,Product_1675,11,50.67,445
SUP_1240,Product_1143,9,61.54,190
SUP_1241,Product_1334,9,99.0,66
SUP_1242,Product_0773,10,40.9,247
SUP_1243,Product_0683,4,97.79,286
SUP_1244,Product_0679,6,94.34,451
SUP_1245,Product_0682,11,66.57,589
SUP_1246,Product_1958,2,90.26,356
SUP_1247,Product_0893,8,55.87,487
SUP_1248,Product_0726,8,31.5,53
SUP_1249,Product_0678,9,39.2,326
SUP_1250,Product_1719,3,69.08,410
SUP_1251,Product_0162,8,98.05,1509
SUP_1252,Product_1125,8,84.53,150
SUP_1253,Product_1336,9,63.47,73
SUP_1254,Product_0489,13,60.62,232
SUP_1255,Product_1330,7,57.93,118
SUP_1256,Product_0488,8,44.52,245
SUP_1257,Product_0584,13,34.74,529
SUP_1258,Product_0168,3,83.36,270
SUP_1259,Product_0272,2,40.16,96
SUP_1260,Product_1339,2,69.47,418
SUP_1261,Product_1327,10,64.65,290
SUP_1262,Product_0988,14,71.4,230
SUP_1263,Product_0285,2,55.44,162
SUP_1264,Product_0430,8,49.23,79
SUP_1265,Product_0762,7,65.37,137
SUP_1266,Product_0844,10,78.18,461
SUP_1267,Product_2093,9,38.93,159
SUP_1268,Product_0903,2,51.99,297
SUP_1269,Product_0116,6,69.82,340
SUP_1270,Product_0205,14,40.18,57
SUP_1271,Product_2052,10,44.48,371
SUP_1272,Product_0316,8,63.62,285
SUP_1273,Product_1180,11,21.69,271
SUP_1274,Product_0029,5,77.11,96
SUP_1275,Product_0660,14,54.79,316
SUP_1276,Product_1142,13,98.99,302
SUP_1277,Product_0464,2,88.84,713
SUP_1278,Product_2153,10,68.04,530
SUP_1279,Product_0548,5,85.34,117
SUP_1280,Product_0510,6,69.48,331
SUP_1281,Product_1705,10,31.19,244
SUP_1282,Product_1716,13,58.86,610
SUP_1283,Product_2166,4,56.38,159
SUP_1284,Product_0317,13,84.45,83
SUP_1285,Product_0757,14,66.83,380
SUP_1286,Product_1338,2,75.31,177
SUP_1287,Product_0210,10,94.26,66
SUP_1288,Product_0592,11,39.62,172
SUP_1289,Product_0218,13,68.51,57
SUP_1290,Product_0729,6,5.18,466
SUP_1291,Product_1317,3,42.4,512
SUP_1292,Product_0517,11,22.35,95
SUP_1293,Product_0534,13,42.67,669
SUP_1294,Product_0445,4,86.96,145
SUP_1295,Product_1084,11,65.66,709
SUP_1296,Product_1915,10,77.82,295
SUP_1297,Product_2121,4,75.67,73
SUP_1298,Product_1320,7,99.0,39
SUP_1299,Product_1141,7,57.72,290
SUP_1300,Product_1324,8,71.91,329
SUP_1301,Product_1340,9,98.51,85
SUP_1302,Product_0881,6,57.92,266
SUP_1303,Product_1670,7,70.81,114
SUP_1304,Product_0795,2,62.66,171
SUP_1305,Product_1669,10,71.42,108
SUP_1306,Product_0846,2,52.77,260
SUP_1307,Product_0843,8,47.64,143
SUP_1308,Product_0740,8,64.91,48
SUP_1309,Product_1331,10,78.65,50
SUP_1310,Product_2024,2,97.42,482
SUP_1311,Product_0708,4,49.41,884
SUP_1312,Product_2169,14,37.19,483
SUP_1313,Product_0774,4,39.17,706
SUP_1314,Product_1332,11,88.27,788
SUP_1315,Product_0298,2,48.76,101
SUP_1316,Product_0283,12,69.48,480
SUP_1317,Product_1318,9,73.74,747
SUP_1318,Product_2091,8,76.75,258
SUP_1319,Product_0345,4,70.96,235
SUP_1320,Product_0546,4,68.85,112
SUP_1321,Product_1896,5,69.74,169
SUP_1322,Product_0695,3,57.68,226
SUP_1323,Product_1319,13,49.54,611
SUP_1324,Product_0842,10,55.86,97
SUP_1325,Product_0670,9,69.7,1057
SUP_1326,Product_2142,12,79.83,248
SUP_1327,Product_0247,8,76.02,335
SUP_1328,Product_0972,13,44.47,1169
SUP_1329,Product_1059,9,60.75,217
SUP_1330,Product_0197,13,55.56,71
SUP_1331,Product_1321,12,57.99,551
SUP_1332,Product_0103,11,46.43,418
SUP_1333,Product_0189,14,56.27,279
SUP_1334,Product_1661,4,85.33,338
SUP_1335,Product_0596,6,24.27,524
SUP_1336,Product_0236,13,57.59,131
SUP_1337,Product_0353,9,63.31,694
SUP_1338,Product_1337,6,61.6,250
SUP_1339,Product_2086,3,45.01,167
SUP_1340,Product_1057,12,30.9,2414
SUP_1341,Product_0927,7,19.14,550
SUP_1342,Product_0132,12,64.82,190
SUP_1343,Product_0293,7,66.59,302
SUP_1344,Product_0261,5,51.17,377
SUP_1345,Product_0709,2,66.07,280
SUP_1346,Product_0104,6,49.78,785
SUP_1347,Product_2097,2,51.04,191
SUP_1348,Product_1912,4,41.52,87
SUP_1349,Product_0524,3,99.0,332
SUP_1350,Product_0513,5,25.34,3212
SUP_1351,Product_0608,8,25.92,264
SUP_1352,Product_0180,6,46.01,457
SUP_1353,Product_1747,3,97.83,384
SUP_1354,Product_0756,3,52.0,140
SUP_1355,Product_0240,8,47.96,239
SUP_1356,Product_0361,2,79.61,661
SUP_1357,Product_0692,9,21.0,286
SUP_1358,Product_1913,7,70.67,371
SUP_1359,Product_1779,4,69.04,1018
SUP_1360,Product_2037,4,76.32,2426
SUP_1361,Product_2054,4,75.23,589
SUP_1362,Product_0761,4,80.81,49
SUP_1363,Product_0613,14,16.78,557
SUP_1364,Product_0719,11,68.5,1803
SUP_1365,Product_0769,10,51.54,318
SUP_1366,Product_0900,9,67.81,68
SUP_1367,Product_2080,14,69.4,181
SUP_1368,Product_1025,4,28.86,322
SUP_1369,Product_2049,2,93.53,175
SUP_1370,Product_1060,10,82.77,899
SUP_1371,Product_0741,14,45.88,676
SUP_1372,Product_0234,12,52.06,199
SUP_1373,Product_1676,8,92.54,461
SUP_1374,Product_1914,6,61.73,368
SUP_1375,Product_0291,14,36.8,1078
SUP_1376,Product_2143,14,42.81,840
SUP_1377,Product_0758,9,64.43,223
SUP_1378,Product_0318,2,58.15,103
SUP_1379,Product_0569,4,96.64,194
SUP_1380,Product_1957,11,78.51,1248
SUP_1381,Product_0289,11,55.27,146
SUP_1382,Product_1656,12,99.0,308
SUP_1383,Product_0970,3,39.95,1750
SUP_1384,Product_0742,5,68.97,1362
SUP_1385,Product_2106,8,21.41,449
SUP_1386,Product_0281,13,71.55,888
SUP_1387,Product_1076,4,54.49,311
SUP_1388,Product_0459,14,49.04,250
SUP_1389,Product_0166,10,46.41,564
SUP_1390,Product_1136,5,48.13,453
SUP_1391,Product_0157,4,67.37,125
SUP_1392,Product_2084,13,58.85,53
SUP_1393,Product_0620,3,78.27,93
SUP_1394,Product_0299,3,78.79,711
SUP_1395,Product_2078,10,30.54,585
SUP_1396,Product_0779,4,43.51,381
SUP_1397,Product_0452,2,50.86,144
SUP_1398,Product_2056,10,60.37,95
SUP_1399,Product_1822,9,62.47,256
SUP_1400,Product_0048,13,40.1,486
SUP_1401,Product_1727,4,28.91,23
SUP_1402,Product_2066,6,68.11,229
SUP_1403,Product_1910,4,81.74,59
SUP_1404,Product_1659,2,51.62,282
SUP_1405,Product_1177,10,73.42,326
SUP_1406,Product_1122,7,89.12,242
SUP_1407,Product_0720,7,42.7,345
SUP_1408,Product_0672,2,77.32,93
SUP_1409,Product_1721,4,2.0,133
SUP_1410,Product_0198,13,16.97,796
SUP_1411,Product_1053,14,35.24,1066
SUP_1412,Product_1907,7,83.66,124
SUP_1413,Product_0533,14,42.74,75
SUP_1414,Product_0713,6,61.58,91
SUP_1415,Product_0451,10,66.49,855
SUP_1416,Product_0874,8,62.26,983
SUP_1417,Product_1723,8,59.12,440
SUP_1418,Product_0601,13,26.82,397
SUP_1419,Product_0627,3,33.43,118
SUP_1420,Product_2145,14,34.13,624
SUP_1421,Product_0917,5,73.51,49
SUP_1422,Product_0516,6,39.79,491
SUP_1423,Product_2073,5,49.94,949
SUP_1424,Product_0153,5,52.3,185
SUP_1425,Product_0337,4,86.88,574
SUP_1426,Product_0796,8,41.84,403
SUP_1427,Product_0732,3,73.58,294
SUP_1428,Product_2122,6,47.07,225
SUP_1429,Product_0622,4,47.64,129
SUP_1430,Product_2069,2,41.69,228
SUP_1431,Product_0443,3,68.45,145
SUP_1432,Product_0471,5,52.44,286
SUP_1433,Product_0315,12,59.75,210
SUP_1434,Product_2105,4,45.22,265
SUP_1435,Product_0790,2,82.7,770
SUP_1436,Product_0745,4,84.93,185
SUP_1437,Product_0691,2,75.96,254
SUP_1438,Product_2079,11,93.19,235
SUP_1439,Product_0701,9,44.53,440
SUP_1440,Product_0913,9,50.07,443
SUP_1441,Product_2102,2,58.24,575
SUP_1442,Product_0587,4,40.28,90
SUP_1443,Product_2126,5,78.73,315
SUP_1444,Product_0733,6,46.23,121
SUP_1445,Product_0523,2,99.0,391
SUP_1446,Product_1925,10,76.81,31
SUP_1447,Product_0369,14,43.6,539
SUP_1448,Product_2162,5,81.64,308
SUP_1449,Product_0303,8,55.89,765
SUP_1450,Product_0279,8,62.63,305
SUP_1451,Product_0702,10,66.51,396
SUP_1452,Product_0785,8,62.74,340
SUP_1453,Product_0322,11,71.44,530
SUP_1454,Product_2116,2,61.15,102
SUP_1455,Product_1056,8,30.4,46
SUP_1456,Product_0114,3,76.73,181
SUP_1457,Product_0780,2,85.34,496
SUP_1458,Product_0786,12,54.04,272
SUP_1459,Product_0840,10,93.58,285
SUP_1460,Product_0292,12,82.9,185
SUP_1461,Product_0282,13,50.09,160
SUP_1462,Product_0878,3,63.61,269
SUP_1463,Product_0728,6,94.8,82
SUP_1464,Product_0771,14,84.8,101
SUP_1465,Product_0341,13,46.22,118
SUP_1466,Product_0847,2,36.53,335
SUP_1467,Product_0746,6,85.86,632
SUP_1468,Product_0760,14,80.43,120
SUP_1469,Product_1717,14,84.56,190
SUP_1470,Product_1124,9,59.73,408
SUP_1471,Product_1911,14,99.0,96
SUP_1472,Product_0448,6,86.03,532
SUP_1473,Product_0667,6,83.24,514
SUP_1474,Product_0710,11,80.71,147
SUP_1475,Product_0454,4,10.63,219
SUP_1476,Product_0585,7,53.65,403
SUP_1477,Product_2115,11,79.43,375
SUP_1478,Product_0503,13,91.96,453
SUP_1479,Product_0487,2,92.63,286
SUP_1480,Product_2155,3,78.83,194
SUP_1481,Product_0730,2,92.2,1588
SUP_1482,Product_1121,4,73.34,168
SUP_1483,Product_0394,3,87.46,339
SUP_1484,Product_0734,4,33.84,66
SUP_1485,Product_0821,7,44.95,277
SUP_1486,Product_0895,10,67.67,357
SUP_1487,Product_0485,13,58.14,784
SUP_1488,Product_0151,6,43.8,620
SUP_1489,Product_2163,14,99.0,394
SUP_1490,Product_1680,13,70.45,657
SUP_1491,Product_0642,11,74.84,59
SUP_1492,Product_1120,14,40.35,152
SUP_1493,Product_0505,11,48.29,93
SUP_1494,Product_0545,11,46.14,30
SUP_1495,Product_1123,7,67.43,157
SUP_1496,Product_0532,11,70.02,400
SUP_1497,Product_0951,14,21.13,385
SUP_1498,Product_2134,2,63.78,184
SUP_1499,Product_2141,6,99.0,363
SUP_1500,Product_0794,14,76.04,133
SUP_1501,Product_1776,11,41.51,1062
SUP_1502,Product_0119,9,71.94,750
SUP_1503,Product_0567,5,48.93,77
SUP_1504,Product_1678,9,64.3,104
SUP_1505,Product_1093,5,52.0,600
SUP_1506,Product_0787,11,63.07,154
SUP_1507,Product_1062,8,95.25,736
SUP_1508,Product_0772,9,70.15,413
SUP_1509,Product_1778,13,69.27,471
SUP_1510,Product_2160,12,32.34,24
SUP_1511,Product_0868,8,39.66,341
SUP_1512,Product_2057,12,62.21,433
SUP_1513,Product_0314,9,76.5,76
SUP_1514,Product_1777,9,99.0,88
SUP_1515,Product_0134,3,76.37,210
SUP_1516,Product_1671,9,47.01,78
SUP_1517,Product_0744,3,57.95,429
SUP_1518,Product_0848,14,90.24,259
SUP_1519,Product_0614,8,65.45,301
SUP_1520,Product_0173,13,34.31,854
SUP_1521,Product_0481,11,72.77,108
SUP_1522,Product_0571,3,72.11,365
SUP_1523,Product_0216,9,31.07,120
SUP_1524,Product_0581,10,49.93,115
SUP_1525,Product_0918,8,99.0,1050
SUP_1526,Product_0671,2,79.11,253
SUP_1527,Product_0602,14,79.5,126
SUP_1528,Product_0484,12,61.62,555
SUP_1529,Product_2103,5,85.37,38
SUP_1530,Product_1892,11,60.61,483
SUP_1531,Product_2059,14,45.12,469
SUP_1532,Product_0699,14,46.75,343
SUP_1533,Product_1072,9,68.75,583
SUP_1534,Product_2077,10,67.78,340
SUP_1535,Product_1176,9,37.79,177
SUP_1536,Product_0967,4,21.29,46
SUP_1537,Product_0784,14,18.9,229
SUP_1538,Product_0912,10,88.03,266
SUP_1539,Product_0310,14,77.57,102
SUP_1540,Product_0338,10,69.05,114
SUP_1541,Product_0639,2,62.47,296
SUP_1542,Product_0714,9,77.78,469
SUP_1543,Product_0295,3,43.0,360
SUP_1544,Product_2131,4,67.81,412
SUP_1545,Product_0966,4,80.09,182
SUP_1546,Product_0815,13,82.06,288
SUP_1547,Product_0343,11,54.69,136
SUP_1548,Product_1658,9,28.56,611
SUP_1549,Product_0137,9,77.35,170
SUP_1550,Product_1097,12,2.0,191
SUP_1551,Product_0496,2,50.35,262
SUP_1552,Product_0325,13,66.95,208
SUP_1553,Product_1700,3,87.07,285
SUP_1554,Product_0781,10,27.43,538
SUP_1555,Product_0717,5,58.73,707
SUP_1556,Product_0462,11,65.76,204
SUP_1557,Product_1916,10,76.58,177
SUP_1558,Product_2065,12,48.78,155
SUP_1559,Product_0748,12,45.3,558
SUP_1560,Product_0776,12,91.48,945
SUP_1561,Product_1058,13,33.87,339
SUP_1562,Product_0615,3,76.97,117
SUP_1563,Product_2068,7,80.83,513
SUP_1564,Product_0594,13,72.24,281
SUP_1565,Product_0696,5,77.58,499
SUP_1566,Product_2130,7,86.98,185
SUP_1567,Product_2124,4,59.96,602
SUP_1568,Product_0715,14,70.16,71
SUP_1569,Product_0169,7,63.5,383
SUP_1570,Product_0124,5,93.44,697
SUP_1571,Product_0716,9,69.83,487
SUP_1572,Product_1897,4,62.08,38
SUP_1573,Product_0133,4,74.94,342
SUP_1574,Product_2092,11,70.88,87
SUP_1575,Product_2146,14,32.51,12
SUP_1576,Product_0718,6,74.02,78
SUP_1577,Product_0816,9,68.26,421
SUP_1578,Product_2085,9,40.02,288
SUP_1579,Product_0698,8,30.12,79
SUP_1580,Product_0152,11,88.79,72
SUP_1581,Product_1024,5,79.52,213
SUP_1582,Product_0575,9,40.14,423
SUP_1583,Product_0405,3,28.84,334
SUP_1584,Product_0697,12,68.15,540
SUP_1585,Product_1020,3,70.83,240
SUP_1586,Product_0822,9,85.38,471
SUP_1587,Product_0323,4,71.32,361
SUP_1588,Product_0342,11,71.02,220
SUP_1589,Product_1175,3,71.41,473
SUP_1590,Product_0738,14,76.66,401
SUP_1591,Product_0538,3,49.17,37
SUP_1592,Product_1954,10,55.07,911
SUP_1593,Product_0783,12,53.2,102
SUP_1594,Product_0351,11,34.25,132
SUP_1595,Product_0508,7,63.87,209
SUP_1596,Product_0159,2,60.39,162
SUP_1597,Product_2061,10,69.21,85
SUP_1598,Product_0290,9,68.8,263
SUP_1599,Product_1815,13,45.37,116
SUP_1600,Product_2104,9,99.0,185
SUP_1601,Product_0810,12,70.59,887
SUP_1602,Product_0509,2,79.87,65
SUP_1603,Product_2039,14,74.18,307
SUP_1604,Product_0628,13,61.1,352
SUP_1605,Product_2064,6,55.07,127
SUP_1606,Product_0346,5,30.73,108
SUP_1607,Product_1174,3,69.65,38
SUP_1608,Product_0955,12,72.53,676
SUP_1609,Product_2063,13,42.88,107
SUP_1610,Product_0749,13,34.02,438
SUP_1611,Product_0764,2,72.17,952
SUP_1612,Product_0522,6,60.27,334
SUP_1613,Product_2158,9,78.05,377
SUP_1614,Product_0504,10,66.47,234
SUP_1615,Product_0535,3,85.98,375
SUP_1616,Product_1959,7,75.95,766
SUP_1617,Product_0631,3,33.52,199
SUP_1618,Product_0305,11,62.74,578
SUP_1619,Product_0782,10,68.39,372
SUP_1620,Product_0296,7,87.26,484
SUP_1621,Product_1748,5,54.48,1259
SUP_1622,Product_0435,6,54.43,116
SUP_1623,Product_2062,4,86.8,313
SUP_1624,Product_1871,3,40.1,481
SUP_1625,Product_0668,8,95.03,53
SUP_1626,Product_0634,10,39.17,485
SUP_1627,Product_0704,3,56.13,366
SUP_1628,Product_0307,13,49.53,84
SUP_1629,Product_0460,5,87.84,384
SUP_1630,Product_0106,8,66.95,141
SUP_1631,Product_0444,10,49.14,410
SUP_1632,Product_0827,5,87.37,815
SUP_1633,Product_1751,6,35.54,423
SUP_1634,Product_0665,10,85.47,1173
SUP_1635,Product_0329,7,55.76,569
SUP_1636,Product_0754,12,39.46,129
SUP_1637,Product_0364,2,48.22,87
SUP_1638,Product_1172,13,48.12,217
SUP_1639,Product_0472,2,54.76,236
SUP_1640,Product_0819,6,56.28,772
SUP_1641,Product_0150,9,48.6,458
SUP_1642,Product_0172,5,55.09,838
SUP_1643,Product_0332,13,77.73,354
SUP_1644,Product_0490,14,29.85,132
SUP_1645,Product_1938,8,82.7,239
SUP_1646,Product_1752,6,74.22,743
SUP_1647,Product_0826,10,72.4,110
SUP_1648,Product_1834,3,44.68,1470
SUP_1649,Product_2067,12,2.0,538
SUP_1650,Product_0493,9,77.34,346
SUP_1651,Product_1786,9,99.0,26
SUP_1652,Product_0731,12,72.14,107
SUP_1653,Product_1699,4,31.15,210
SUP_1654,Product_1764,3,80.98,100
SUP_1655,Product_0621,3,58.04,83
SUP_1656,Product_0711,13,65.5,947
SUP_1657,Product_2157,4,76.55,227
SUP_1658,Product_0161,8,55.86,347
SUP_1659,Product_0793,10,77.61,201
SUP_1660,Product_2156,2,99.0,69
SUP_1661,Product_0336,6,60.86,371
SUP_1662,Product_0610,3,69.66,142
SUP_1663,Product_1713,2,63.77,374
SUP_1664,Product_0491,7,99.0,140
SUP_1665,Product_1775,4,14.48,336
SUP_1666,Product_1783,11,76.61,278
SUP_1667,Product_0632,2,40.73,195
SUP_1668,Product_0251,2,73.43,412
SUP_1669,Product_1688,11,63.27,78
SUP_1670,Product_2120,5,74.79,524
SUP_1671,Product_0507,12,76.91,193
SUP_1672,Product_0789,12,83.59,834
SUP_1673,Product_0502,10,69.1,394
SUP_1674,Product_2074,9,21.32,310
SUP_1675,Product_1667,9,72.79,327
SUP_1676,Product_1094,13,48.33,54
SUP_1677,Product_0170,14,75.72,130
SUP_1678,Product_1706,5,53.29,96
SUP_1679,Product_1828,3,87.47,165
SUP_1680,Product_0306,12,84.95,408
SUP_1681,Product_0395,7,68.57,406
SUP_1682,Product_0788,5,76.56,311
SUP_1683,Product_2165,10,25.27,334
SUP_1684,Product_0735,4,76.78,43
SUP_1685,Product_1844,11,63.2,193
SUP_1686,Product_0645,8,78.7,493
SUP_1687,Product_0544,5,77.47,1696
SUP_1688,Product_1715,10,44.5,86
SUP_1689,Product_0237,11,39.39,432
SUP_1690,Product_0817,14,45.74,380
SUP_1691,Product_0579,4,48.62,131
SUP_1692,Product_0330,2,99.0,290
SUP_1693,Product_0260,11,58.05,110
SUP_1694,Product_0736,6,97.43,165
SUP_1695,Product_0752,12,77.12,243
SUP_1696,Product_0404,4,52.27,72
SUP_1697,Product_0102,7,61.01,94
SUP_1698,Product_1710,6,77.04,242
SUP_1699,Product_0703,6,57.75,598
SUP_1700,Product_0666,9,51.39,111
SUP_1701,Product_1850,13,41.32,848
SUP_1702,Product_0798,10,69.83,195
SUP_1703,Product_0339,3,81.01,164
SUP_1704,Product_0669,12,58.18,457
SUP_1705,Product_2038,2,96.53,56
SUP_1706,Product_1908,7,38.62,58
SUP_1707,Product_0722,13,66.74,217
SUP_1708,Product_1704,4,65.6,86
SUP_1709,Product_0501,3,75.65,716
SUP_1710,Product_0352,9,70.96,478
SUP_1711,Product_1061,11,45.77,35
SUP_1712,Product_0766,14,46.64,794
SUP_1713,Product_0446,13,62.65,425
SUP_1714,Product_0750,6,60.2,260
SUP_1715,Product_0474,2,53.57,139
SUP_1716,Product_0354,4,83.38,280
SUP_1717,Product_2164,10,60.12,120
SUP_1718,Product_2171,10,72.46,588
SUP_1719,Product_0309,10,46.92,301
SUP_1720,Product_0112,8,39.58,131
SUP_1721,Product_1086,12,62.89,82
SUP_1722,Product_1758,4,43.28,1542
SUP_1723,Product_0625,12,28.05,380
SUP_1724,Product_0814,4,26.71,167
SUP_1725,Product_1792,2,42.2,233
SUP_1726,Product_0324,4,60.36,218
SUP_1727,Product_0623,11,85.98,420
SUP_1728,Product_1722,3,91.85,427
SUP_1729,Product_0763,4,79.17,343
SUP_1730,Product_1803,3,60.16,237
SUP_1731,Product_2096,2,63.03,426
SUP_1732,Product_0737,13,62.99,809
SUP_1733,Product_1054,3,65.4,58
SUP_1734,Product_1942,12,21.22,543
SUP_1735,Product_1682,11,44.24,77
SUP_1736,Product_1070,5,68.79,1125
SUP_1737,Product_2094,12,88.58,306
SUP_1738,Product_0529,9,43.24,354
SUP_1739,Product_1801,14,75.37,202
SUP_1740,Product_0483,5,73.25,72
SUP_1741,Product_0804,3,57.7,241
SUP_1742,Product_0818,4,82.51,159
SUP_1743,Product_1118,7,50.04,423
SUP_1744,Product_1692,13,72.89,222
SUP_1745,Product_0160,2,91.45,382
SUP_1746,Product_2058,5,99.0,207
SUP_1747,Product_0643,13,35.88,101
SUP_1748,Product_0580,12,58.64,1009
SUP_1749,Product_1674,6,84.13,197
SUP_1750,Product_0712,12,54.73,226
SUP_1751,Product_0167,6,83.29,486
SUP_1752,Product_0165,2,69.87,75
SUP_1753,Product_0751,12,51.77,433
SUP_1754,Product_1853,14,52.88,133
SUP_1755,Product_1657,14,38.5,201
SUP_1756,Product_0820,4,15.64,214
SUP_1757,Product_0326,11,43.54,390
SUP_1758,Product_1618,5,65.71,249
SUP_1759,Product_0244,14,97.2,260
SUP_1760,Product_1170,12,99.0,633
SUP_1761,Product_1875,13,71.15,182
SUP_1762,Product_0661,8,61.12,308
SUP_1763,Product_0747,2,69.12,139
SUP_1764,Product_1750,9,81.62,484
SUP_1765,Product_0497,5,89.22,155
SUP_1766,Product_0861,4,63.63,159
SUP_1767,Product_1755,4,44.85,129
SUP_1768,Product_1614,3,45.26,532
SUP_1769,Product_1117,2,64.4,336
SUP_1770,Product_1883,2,64.26,58
SUP_1771,Product_1686,12,84.6,155
SUP_1772,Product_1872,7,53.83,272
SUP_1773,Product_1712,12,33.33,609
SUP_1774,Product_1664,9,66.78,229
SUP_1775,Product_1836,3,72.38,325
SUP_1776,Product_2127,6,55.67,440
SUP_1777,Product_0520,5,61.0,385
SUP_1778,Product_0515,7,68.83,225
SUP_1779,Product_1683,13,70.34,237
SUP_1780,Product_1814,4,43.53,671
SUP_1781,Product_0799,13,57.98,225
SUP_1782,Product_0797,12,53.34,233
SUP_1783,Product_1668,5,87.85,179
SUP_1784,Product_0657,10,79.81,215
SUP_1785,Product_1096,5,66.87,411
SUP_1786,Product_1171,9,60.96,591
SUP_1787,Product_1691,3,78.01,683
SUP_1788,Product_1646,12,62.64,440
SUP_1789,Product_2170,8,81.81,136
SUP_1790,Product_1926,2,66.5,439
SUP_1791,Product_0447,12,48.38,148
SUP_1792,Product_0801,10,76.66,608
SUP_1793,Product_1684,14,75.51,474
SUP_1794,Product_0312,7,41.33,712
SUP_1795,Product_1761,4,71.11,102
SUP_1796,Product_1917,13,76.58,278
SUP_1797,Product_1089,11,47.15,432
SUP_1798,Product_1960,6,56.96,51
SUP_1799,Product_0347,5,90.27,1005
SUP_1800,Product_1774,11,28.29,148
SUP_1801,Product_1663,10,73.22,1090
SUP_1802,Product_0492,3,74.09,566
SUP_1803,Product_1116,11,56.71,499
SUP_1804,Product_0511,6,56.23,126
SUP_1805,Product_0956,6,71.1,252
SUP_1806,Product_1677,9,68.9,429
SUP_1807,Product_0568,7,83.32,500
SUP_1808,Product_1770,12,40.99,372
SUP_1809,Product_0656,7,38.72,56
SUP_1810,Product_0402,5,68.76,184
SUP_1811,Product_0232,7,41.07,95
SUP_1812,Product_1689,6,57.68,188
SUP_1813,Product_0775,11,53.42,206
SUP_1814,Product_1909,11,99.0,64
SUP_1815,Product_0860,9,71.95,133
SUP_1816,Product_0135,14,38.14,91
SUP_1817,Product_1666,4,55.53,104
SUP_1818,Product_1763,5,51.22,174
SUP_1819,Product_1757,14,51.74,434
SUP_1820,Product_1893,10,66.86,234
SUP_1821,Product_0058,14,57.52,397
SUP_1822,Product_1816,14,71.03,336
SUP_1823,Product_0828,13,67.03,570
SUP_1824,Product_0778,8,52.81,53
SUP_1825,Product_0753,12,45.23,229
SUP_1826,Product_1110,14,70.66,200
SUP_1827,Product_0334,11,67.53,174
SUP_1828,Product_1759,5,89.08,256
SUP_1829,Product_0809,6,54.42,343
SUP_1830,Product_0125,10,89.49,369
SUP_1831,Product_0163,5,43.59,291
SUP_1832,Product_1754,5,61.33,656
SUP_1833,Product_0539,9,50.09,396
SUP_1834,Product_0461,2,99.0,1122
SUP_1835,Product_1208,14,40.96,356
SUP_1836,Product_1895,2,83.86,304
SUP_1837,Product_0616,2,66.58,126
SUP_1838,Product_1794,9,55.76,332
SUP_1839,Product_1616,7,99.0,595
SUP_1840,Product_1098,13,22.0,237
SUP_1841,Product_1762,10,66.69,25
SUP_1842,Product_0365,13,38.04,523
SUP_1843,Product_0149,6,63.65,173
SUP_1844,Product_1807,13,29.72,370
SUP_1845,Product_0800,8,49.47,603
SUP_1846,Product_1063,4,72.22,216
SUP_1847,Product_1112,7,68.26,306
SUP_1848,Product_1145,11,15.4,126
SUP_1849,Product_1869,6,61.46,246
SUP_1850,Product_0823,12,53.25,370
SUP_1851,Product_1673,6,62.1,196
SUP_1852,Product_0578,9,66.87,550
SUP_1853,Product_1802,12,77.05,512
SUP_1854,Product_0455,11,81.9,427
SUP_1855,Product_0609,6,42.07,369
SUP_1856,Product_0721,12,78.67,66
SUP_1857,Product_1687,8,2.0,466
SUP_1858,Product_1920,4,54.9,377
SUP_1859,Product_1095,5,75.43,664
SUP_1860,Product_0853,13,30.82,624
SUP_1861,Product_0438,5,75.63,371
SUP_1862,Product_0537,7,56.93,97
SUP_1863,Product_1800,12,41.03,407
SUP_1864,Product_0960,6,54.14,227
SUP_1865,Product_2161,9,68.81,567
SUP_1866,Product_1858,7,52.31,122
SUP_1867,Product_1113,5,46.4,234
SUP_1868,Product_1805,13,53.64,293
SUP_1869,Product_0573,9,64.6,148
SUP_1870,Product_1679,4,73.0,197
SUP_1871,Product_0805,5,71.13,414
SUP_1872,Product_0765,14,89.51,146
SUP_1873,Product_0136,8,53.08,827
SUP_1874,Product_0521,13,31.19,561
SUP_1875,Product_0617,13,50.53,416
SUP_1876,Product_1749,14,74.62,410
SUP_1877,Product_1837,11,76.48,164
SUP_1878,Product_0456,2,28.38,149
SUP_1879,Product_0802,7,45.01,119
SUP_1880,Product_2117,11,80.59,274
SUP_1881,Product_0267,6,57.61,571
SUP_1882,Product_1645,4,82.81,420
SUP_1883,Product_1083,4,70.69,181
SUP_1884,Product_1855,3,44.78,478
SUP_1885,Product_0266,5,64.82,259
SUP_1886,Product_1181,6,61.33,286
SUP_1887,Product_1868,4,50.58,72
SUP_1888,Product_1714,14,31.65,214
SUP_1889,Product_1178,5,67.87,312
SUP_1890,Product_0866,2,65.4,306
SUP_1891,Product_0803,13,62.06,152
SUP_1892,Product_1708,7,76.59,96
SUP_1893,Product_0263,10,80.06,97
SUP_1894,Product_1771,4,51.98,115
SUP_1895,Product_1681,9,42.11,99
SUP_1896,Product_0659,6,88.92,283
SUP_1897,Product_1660,13,55.31,116
SUP_1898,Product_1881,12,58.23,87
SUP_1899,Product_1806,9,70.1,142
SUP_1900,Product_1851,11,27.82,574
SUP_1901,Product_0651,2,66.06,165
SUP_1902,Product_1799,9,52.24,108
SUP_1903,Product_1760,8,37.94,192
SUP_1904,Product_0396,7,57.25,88
SUP_1905,Product_1119,13,78.69,302
SUP_1906,Product_1091,9,69.86,87
SUP_1907,Product_1928,9,80.44,580
SUP_1908,Product_1962,8,74.63,95
SUP_1909,Product_1918,12,70.39,134
SUP_1910,Product_1144,2,61.67,467
SUP_1911,Product_1876,2,13.08,144
SUP_1912,Product_1767,14,21.22,494
SUP_1913,Product_1859,5,49.85,460
SUP_1914,Product_0806,3,58.65,259
SUP_1915,Product_0060,3,99.0,686
SUP_1916,Product_0350,4,78.93,599
SUP_1917,Product_0693,12,66.55,193
SUP_1918,Product_0655,7,75.85,553
SUP_1919,Product_1772,10,41.42,383
SUP_1920,Product_1146,9,19.21,151
SUP_1921,Product_0811,6,53.58,539
SUP_1922,Product_0565,14,51.75,180
SUP_1923,Product_1781,12,52.51,139
SUP_1924,Product_1929,9,21.7,922
SUP_1925,Product_0540,2,80.01,145
SUP_1926,Product_0694,3,33.13,95
SUP_1927,Product_1956,3,71.46,65
SUP_1928,Product_0641,13,74.03,150
SUP_1929,Product_0640,12,90.45,548
SUP_1930,Product_1953,7,43.11,185
SUP_1931,Product_0813,2,51.86,196
SUP_1932,Product_1693,5,79.19,55
SUP_1933,Product_1940,4,62.74,91
SUP_1934,Product_1168,6,57.52,258
SUP_1935,Product_1019,12,51.06,323
SUP_1936,Product_1894,13,38.22,270
SUP_1937,Product_0530,3,60.45,161
SUP_1938,Product_1694,10,87.07,522
SUP_1939,Product_0954,5,96.58,135
SUP_1940,Product_1111,4,37.02,83
SUP_1941,Product_1662,3,91.43,96
SUP_1942,Product_0432,9,46.65,83
SUP_1943,Product_0457,8,80.03,172
SUP_1944,Product_0262,5,31.52,223
SUP_1945,Product_0946,12,95.64,542
SUP_1946,Product_0449,9,82.16,219
SUP_1947,Product_1852,12,75.05,133
SUP_1948,Product_0867,12,17.57,202
SUP_1949,Product_0328,8,51.09,165
SUP_1950,Product_1709,3,18.83,86
SUP_1951,Product_1644,6,63.7,150
SUP_1952,Product_0057,2,68.6,312
SUP_1953,Product_1874,13,39.76,225
SUP_1954,Product_0675,13,74.43,274
SUP_1955,Product_2152,2,75.67,433
SUP_1956,Product_0626,3,52.78,262
SUP_1957,Product_1946,4,87.2,65
SUP_1958,Product_0482,7,83.87,88
SUP_1959,Product_0340,8,37.16,327
SUP_1960,Product_1927,12,52.96,368
SUP_1961,Product_1943,7,81.33,62
SUP_1962,Product_1930,13,82.53,237
SUP_1963,Product_2151,9,58.71,212
SUP_1964,Product_0256,10,69.04,620
SUP_1965,Product_0611,7,65.05,361
SUP_1966,Product_1898,9,64.55,213
SUP_1967,Product_0777,10,28.06,69
SUP_1968,Product_1665,2,90.11,134
SUP_1969,Product_0824,6,67.86,83
SUP_1970,Product_1711,9,69.94,110
SUP_1971,Product_1696,4,59.18,77
SUP_1972,Product_1720,12,31.5,114
SUP_1973,Product_1620,7,27.65,105
SUP_1974,Product_0541,3,54.87,154
SUP_1975,Product_1882,6,80.4,273
SUP_1976,Product_0156,9,55.34,306
SUP_1977,Product_1769,7,68.79,165
SUP_1978,Product_2119,13,51.87,90
SUP_1979,Product_1923,3,94.57,168
SUP_1980,Product_0393,12,38.05,630
SUP_1981,Product_0807,11,60.5,100
SUP_1982,Product_1690,11,53.28,219
SUP_1983,Product_1864,9,61.86,67
SUP_1984,Product_0473,13,43.76,303
SUP_1985,Product_1976,3,60.44,96
SUP_1986,Product_1615,6,46.01,167
SUP_1987,Product_1877,9,51.64,328
SUP_1988,Product_2051,8,55.05,287
SUP_1989,Product_0264,6,70.18,252
SUP_1990,Product_0629,14,62.27,311
SUP_1991,Product_0526,13,74.97,356
SUP_1992,Product_1870,7,57.25,174
SUP_1993,Product_0812,3,67.84,138
SUP_1994,Product_0059,8,99.0,124
SUP_1995,Product_1585,4,88.93,246
SUP_1996,Product_1768,8,73.5,332
SUP_1997,Product_1753,12,95.17,153
SUP_1998,Product_1685,10,71.75,119
SUP_1999,Product_0450,9,63.87,79
SUP_2000,Product_1867,9,13.56,143
SUP_2001,Product_1935,3,51.21,144
SUP_2002,Product_1937,4,76.91,166
SUP_2003,Product_0499,3,71.48,457
SUP_2004,Product_1939,5,83.33,165
SUP_2005,Product_1701,12,65.23,188
SUP_2006,Product_0269,8,63.13,268
SUP_2007,Product_1617,14,46.07,328
SUP_2008,Product_1924,12,66.71,178
SUP_2009,Product_1865,8,40.74,117
SUP_2010,Product_1964,2,79.0,147
SUP_2011,Product_0466,13,93.08,148
SUP_2012,Product_0268,11,67.63,152
SUP_2013,Product_1756,9,32.38,499
SUP_2014,Product_0624,11,51.74,107
SUP_2015,Product_0644,9,99.0,76
SUP_2016,Product_1619,3,81.82,214
SUP_2017,Product_2125,9,99.0,153
SUP_2018,Product_1936,12,79.23,542
SUP_2019,Product_0265,7,46.04,52
SUP_2020,Product_1566,3,75.94,119
SUP_2021,Product_1856,9,68.15,204
SUP_2022,Product_0258,4,74.7,125
SUP_2023,Product_0270,14,21.34,326
SUP_2024,Product_0528,9,28.69,119
SUP_2025,Product_0164,5,53.14,93
SUP_2026,Product_1866,3,45.91,124
SUP_2027,Product_0864,6,73.62,151
SUP_2028,Product_1071,8,52.95,224
SUP_2029,Product_1702,14,55.34,136
SUP_2030,Product_1941,9,18.04,270
SUP_2031,Product_1808,9,29.23,123
SUP_2032,Product_1945,5,93.81,120
SUP_2033,Product_1952,13,61.96,187
SUP_2034,Product_0442,7,64.39,255
SUP_2035,Product_1860,7,80.92,209
SUP_2036,Product_0259,4,90.81,131
SUP_2037,Product_0862,12,99.0,61
SUP_2038,Product_1584,6,68.22,75
SUP_2039,Product_1931,8,81.93,78
SUP_2040,Product_1963,14,51.84,120
SUP_2041,Product_0331,4,77.3,160
SUP_2042,Product_1919,5,41.03,113
SUP_2043,Product_1099,6,53.75,87
SUP_2044,Product_0494,12,86.32,101
SUP_2045,Product_1955,4,63.74,252
SUP_2046,Product_1804,6,92.14,239
SUP_2047,Product_0525,12,98.74,108
SUP_2048,Product_0271,12,75.75,305
SUP_2049,Product_0327,10,99.0,237
SUP_2050,Product_0531,7,65.4,114
SUP_2051,Product_0257,7,61.98,320
SUP_2052,Product_0965,6,25.76,184
SUP_2053,Product_0959,4,52.0,88
SUP_2054,Product_0498,8,71.43,221
SUP_2055,Product_0518,5,76.31,258
SUP_2056,Product_0362,11,71.67,198
SUP_2057,Product_1974,2,82.31,169
SUP_2058,Product_0945,11,85.16,130
SUP_2059,Product_1933,10,45.77,174
SUP_2060,Product_0947,13,70.04,79
SUP_2061,Product_1965,12,47.16,78
SUP_2062,Product_1169,10,39.51,131
SUP_2063,Product_0319,2,76.69,100
SUP_2064,Product_0598,14,52.94,141
SUP_2065,Product_0944,5,71.95,59
SUP_2066,Product_1948,6,71.87,150
SUP_2067,Product_1961,2,35.65,93
SUP_2068,Product_0500,13,14.07,90
SUP_2069,Product_1949,6,62.61,329
SUP_2070,Product_0148,3,55.64,141
SUP_2071,Product_1861,7,92.19,165
SUP_2072,Product_0363,10,26.05,56
SUP_2073,Product_0637,5,66.55,65
SUP_2074,Product_0440,11,57.78,206
SUP_2075,Product_1950,2,93.37,173
SUP_2076,Product_1932,7,59.01,280
SUP_2077,Product_1922,8,48.49,80
SUP_2078,Product_0630,11,49.87,151
SUP_2079,Product_1862,6,62.16,243
SUP_2080,Product_0825,12,55.28,214
SUP_2081,Product_0519,11,86.24,231
SUP_2082,Product_0647,13,73.87,62
SUP_2083,Product_2147,3,63.71,62
SUP_2084,Product_1854,5,83.14,206
SUP_2085,Product_1179,12,66.99,137
SUP_2086,Product_1951,7,81.33,195
SUP_2087,Product_1921,13,11.75,57
SUP_2088,Product_1947,13,21.19,71
SUP_2089,Product_1975,9,44.76,175
SUP_2090,Product_0403,5,99.0,76
SUP_2091,Product_2060,5,77.1,142
SUP_2092,Product_0673,8,85.76,179
SUP_2093,Product_0597,8,59.82,48
SUP_2094,Product_1873,5,84.09,87
SUP_2095,Product_1697,14,80.07,153
SUP_2096,Product_0633,2,47.11,58
SUP_2097,Product_1100,11,29.46,77
SUP_2098,Product_0480,9,74.02,124
SUP_2099,Product_1793,14,68.9,133
SUP_2100,Product_1934,4,84.71,62
SUP_2101,Product_1857,6,72.5,115
SUP_2102,Product_0865,6,75.75,35
SUP_2103,Product_0674,7,99.0,155
SUP_2104,Product_1695,2,94.18,107
SUP_2105,Product_0536,5,80.15,10
SUP_2106,Product_1773,10,11.96,50
SUP_2107,Product_0612,5,50.13,20
SUP_2108,Product_1707,11,82.61,25
SUP_2109,Product_0638,11,56.14,50
SUP_2110,Product_0075,12,55.72,15
SUP_2111,Product_0465,14,38.92,10
SUP_2112,Product_1863,11,34.33,10
SUP_2113,Product_0467,11,96.64,15
SUP_2114,Product_1944,3,54.08,15
SUP_2115,Product_0527,4,51.98,50
SUP_2116,Product_1698,12,87.11,15
SUP_2117,Product_1647,5,38.3,25
