Warehouse,SKU,Current_Stock,Reserved_Stock
Whse_A,Product_0001,3363775,2066
Whse_A,Product_0020,329512,1771
Whse_A,Product_0031,132934,3287
Whse_A,Product_0075,413449,6
Whse_A,Product_0078,4939,4851
Whse_A,Product_0081,5341,5326
Whse_A,Product_0091,1443,1424
Whse_A,Product_0097,3522,3511
Whse_A,Product_0119,126,84
Whse_A,Product_0120,383,354
Whse_A,Product_0121,448,437
Whse_A,Product_0122,637,611
Whse_A,Product_0123,965,934
Whse_A,Product_0125,25,7
Whse_A,Product_0130,352,337
Whse_A,Product_0131,131,113
Whse_A,Product_0132,244,229
Whse_A,Product_0133,75,37
Whse_A,Product_0134,167,145
Whse_A,Product_0135,44,33
Whse_A,Product_0136,42,11
Whse_A,Product_0137,63,41
Whse_A,Product_0140,626,615
Whse_A,Product_0148,32,8
Whse_A,Product_0149,32,14
Whse_A,Product_0150,27,12
Whse_A,Product_0151,106,84
Whse_A,Product_0168,130,54
Whse_A,Product_0169,63,45
Whse_A,Product_0172,48,36
Whse_A,Product_0189,251,246
Whse_A,Product_0190,390,367
Whse_A,Product_0191,4961,4960
Whse_A,Product_0193,5588,5559
Whse_A,Product_0200,1436,1432
Whse_A,Product_0201,1251,1230
Whse_A,Product_0202,8023,7903
Whse_A,Product_0203,1322,1297
Whse_A,Product_0204,1578,1555
Whse_A,Product_0205,147,133
Whse_A,Product_0206,2453,2436
Whse_A,Product_0207,2539,2526
Whse_A,Product_0208,508,486
Whse_A,Product_0209,4197,4193
Whse_A,Product_0210,312,310
Whse_A,Product_0211,512,512
Whse_A,Product_0212,2196,2159
Whse_A,Product_0213,1308,1266
Whse_A,Product_0225,1175,1171
Whse_A,Product_0226,1827,1818
Whse_A,Product_0228,483,473
Whse_A,Product_0230,902,891
Whse_A,Product_0231,686,645
Whse_A,Product_0232,41,10
Whse_A,Product_0243,633,557
Whse_A,Product_0245,771,666
Whse_A,Product_0246,777,777
Whse_A,Product_0247,96,94
Whse_A,Product_0249,215,166
Whse_A,Product_0250,1692,1676
Whse_A,Product_0272,208,145
Whse_A,Product_0273,309,284
Whse_A,Product_0274,456,383
Whse_A,Product_0287,702,698
Whse_A,Product_0288,1740,1731
Whse_A,Product_0293,92,69
Whse_A,Product_0294,254,213
Whse_A,Product_0295,94,92
Whse_A,Product_0300,363,298
Whse_A,Product_0301,258,254
Whse_A,Product_0302,93,93
Whse_A,Product_0304,220,205
Whse_A,Product_0308,387,369
Whse_A,Product_0311,205,203
Whse_A,Product_0318,106,35
Whse_A,Product_0319,43,8
Whse_A,Product_0320,636,623
Whse_A,Product_0321,1153,1145
Whse_A,Product_0325,95,41
Whse_A,Product_0326,68,21
Whse_A,Product_0329,20,19
Whse_A,Product_0330,90,81
Whse_A,Product_0333,144,89
Whse_A,Product_0337,100,44
Whse_A,Product_0342,71,37
Whse_A,Product_0347,73,13
Whse_A,Product_0349,275,258
Whse_A,Product_0352,45,45
Whse_A,Product_0353,125,80
Whse_A,Product_0364,57,37
Whse_A,Product_0365,66,13
Whse_A,Product_0394,80,50
Whse_A,Product_0395,46,15
Whse_A,Product_0412,73,72
Whse_A,Product_0413,7626,7572
Whse_A,Product_0414,2381,2377
Whse_A,Product_0415,13294,13286
Whse_A,Product_0416,1727,1683
Whse_A,Product_0417,4948,4917
Whse_A,Product_0418,16877,16839
Whse_A,Product_0419,7513,7505
Whse_A,Product_0420,46598,46548
Whse_A,Product_0421,2538,2514
Whse_A,Product_0422,8721,8710
Whse_A,Product_0423,611,585
Whse_A,Product_0424,68068,68029
Whse_A,Product_0425,2831,2797
Whse_A,Product_0426,1419,1392
Whse_A,Product_0427,17763,17704
Whse_A,Product_0428,1719,1704
Whse_A,Product_0432,42,16
Whse_A,Product_0436,433,425
Whse_A,Product_0437,924,239
Whse_A,Product_0442,31,13
Whse_A,Product_0453,150,110
Whse_A,Product_0454,69,48
Whse_A,Product_0456,49,8
Whse_A,Product_0458,164,139
Whse_A,Product_0460,260,22
Whse_A,Product_0463,249,234
Whse_A,Product_0465,55,14
Whse_A,Product_0466,64,43
Whse_A,Product_0467,194,3
Whse_A,Product_0471,51,45
Whse_A,Product_0474,24,23
Whse_A,Product_0484,294,278
Whse_A,Product_0486,211,194
Whse_A,Product_0487,81,27
Whse_A,Product_0495,94,61
Whse_A,Product_0496,78,53
Whse_A,Product_0505,177,73
Whse_A,Product_0506,7861,7809
Whse_A,Product_0507,86,36
Whse_A,Product_0512,410,361
Whse_A,Product_0516,134,125
Whse_A,Product_0533,57,52
Whse_A,Product_0544,56,31
Whse_A,Product_0547,118,98
Whse_A,Product_0548,137,63
Whse_A,Product_0565,112,19
Whse_A,Product_0567,91,74
Whse_A,Product_0599,467,467
Whse_A,Product_0634,77,48
Whse_A,Product_0635,2728,2688
Whse_A,Product_0636,380,365
Whse_A,Product_0637,46,3
Whse_A,Product_0638,40,6
Whse_A,Product_0639,48,13
Whse_A,Product_0642,56,36
Whse_A,Product_0643,17,6
Whse_A,Product_0646,703,519
Whse_A,Product_0647,35,21
Whse_A,Product_0650,579,558
Whse_A,Product_0825,17,7
Whse_A,Product_0899,1848,1790
Whse_A,Product_0905,854,795
Whse_A,Product_0935,7838,7734
Whse_A,Product_0936,71710,71689
Whse_A,Product_0937,11532,11505
Whse_A,Product_0944,88,3
Whse_A,Product_0945,233,5
Whse_A,Product_0946,71,11
Whse_A,Product_0951,76,51
Whse_A,Product_0965,32,7
Whse_A,Product_0966,179,82
Whse_A,Product_0967,187,60
Whse_A,Product_0973,2445,2416
Whse_A,Product_0976,2170,2107
Whse_A,Product_0977,868,861
Whse_A,Product_0979,6606,6561
Whse_A,Product_0980,21628,21627
Whse_A,Product_0981,4973,4923
Whse_A,Product_0982,12477,12444
Whse_A,Product_0984,6215,6177
Whse_A,Product_0985,28049,27968
Whse_A,Product_0986,2664,2664
Whse_A,Product_0987,2781,2735
Whse_A,Product_0989,2651,2634
Whse_A,Product_0990,348446,348428
Whse_A,Product_0995,2713,2697
Whse_A,Product_0997,4025,3963
Whse_A,Product_0998,22585,22566
Whse_A,Product_0999,23970,23929
Whse_A,Product_1000,25348,25301
Whse_A,Product_1001,11592,11552
Whse_A,Product_1002,7808,7744
Whse_A,Product_1003,2786,2775
Whse_A,Product_1004,795,778
Whse_A,Product_1006,9297,9284
Whse_A,Product_1007,4487,4325
Whse_A,Product_1017,1546,1532
Whse_A,Product_1022,2511,2418
Whse_A,Product_1053,115,64
Whse_A,Product_1054,73,26
Whse_A,Product_1083,27,19
Whse_A,Product_1093,129,75
Whse_A,Product_1094,51,45
Whse_A,Product_1095,78,13
Whse_A,Product_1104,3477,3455
Whse_A,Product_1107,1742,1734
Whse_A,Product_1138,489,402
Whse_A,Product_1139,762,610
Whse_A,Product_1140,320,281
Whse_A,Product_1143,322,220
Whse_A,Product_1154,12694,12681
Whse_A,Product_1168,261,10
Whse_A,Product_1171,61,40
Whse_A,Product_1178,72,34
Whse_A,Product_1180,285,229
Whse_A,Product_1249,6912,6869
Whse_A,Product_1250,8983,8953
Whse_A,Product_1264,81909,81906
Whse_A,Product_1276,2934,2927
Whse_A,Product_1284,8069,8052
Whse_A,Product_1291,822,552
Whse_A,Product_1293,418,368
Whse_A,Product_1298,5251,5172
Whse_A,Product_1299,11517,11497
Whse_A,Product_1314,7680,7652
Whse_A,Product_1365,739,657
Whse_A,Product_1368,3278,3254
Whse_A,Product_1384,2359,2343
Whse_A,Product_1385,6694,6650
Whse_A,Product_1387,4699,4644
Whse_A,Product_1388,10496,10437
Whse_A,Product_1392,6038,5997
Whse_A,Product_1402,8169,8155
Whse_A,Product_1409,8909,8806
Whse_A,Product_1410,10894,10859
Whse_A,Product_1416,2603,2595
Whse_A,Product_1417,1872,1810
Whse_A,Product_1419,3103,3041
Whse_A,Product_1420,4592,4322
Whse_A,Product_1421,3917,3913
Whse_A,Product_1422,3977,3920
Whse_A,Product_1423,1766,1713
Whse_A,Product_1424,3659,3604
Whse_A,Product_1425,1365,1331
Whse_A,Product_1427,2122,2115
Whse_A,Product_1429,2515,2513
Whse_A,Product_1431,118265,118241
Whse_A,Product_1432,178755,178718
Whse_A,Product_1434,3031,2975
Whse_A,Product_1435,21764,21695
Whse_A,Product_1438,23599,23494
Whse_A,Product_1441,2420,2376
Whse_A,Product_1442,2572,2550
Whse_A,Product_1443,3921,3909
Whse_A,Product_1444,4367,4322
Whse_A,Product_1445,8834,8811
Whse_A,Product_1448,2087,1960
Whse_A,Product_1461,8256,8212
Whse_A,Product_1464,2760,2734
Whse_A,Product_1469,3530,3501
Whse_A,Product_1470,24349,24340
Whse_A,Product_1477,2553,2472
Whse_A,Product_1478,4440,4253
Whse_A,Product_1481,7904,7859
Whse_A,Product_1495,2927,2874
Whse_A,Product_1496,16633,16589
Whse_A,Product_1499,1812,1623
Whse_A,Product_1500,1111,1026
Whse_A,Product_1503,3865,3723
Whse_A,Product_1505,19906,19876
Whse_A,Product_1509,3702,3681
Whse_A,Product_1512,9207,9117
Whse_A,Product_1513,14871,14833
Whse_A,Product_1518,1025,978
Whse_A,Product_1519,2671,2531
Whse_A,Product_1521,16486,16357
Whse_A,Product_1535,804,761
Whse_A,Product_1539,2753,2664
Whse_A,Product_1541,2147,2128
Whse_A,Product_1544,822,755
Whse_A,Product_1548,24143,24109
Whse_A,Product_1553,800,755
Whse_A,Product_1560,3056,2922
Whse_A,Product_1563,1336,1108
Whse_A,Product_1584,58,3
Whse_A,Product_1585,63,19
Whse_A,Product_1616,66,26
Whse_A,Product_1618,198,17
Whse_A,Product_1622,2063,2061
Whse_A,Product_1629,4180,4035
Whse_A,Product_1630,2337,2305
Whse_A,Product_1636,2033,1973
Whse_A,Product_1644,125,5
Whse_A,Product_1645,155,6
Whse_A,Product_1646,71,24
Whse_A,Product_1647,28,3
Whse_A,Product_1656,86,61
Whse_A,Product_1661,40,30
Whse_A,Product_1669,201,157
Whse_A,Product_1670,92,42
Whse_A,Product_1671,124,29
Whse_A,Product_1672,128,77
Whse_A,Product_1675,108,104
Whse_A,Product_1676,175,77
Whse_A,Product_1688,32,31
Whse_A,Product_1689,79,6
Whse_A,Product_1698,23,4
Whse_A,Product_1705,141,56
Whse_A,Product_1706,86,51
Whse_A,Product_1707,23,5
Whse_A,Product_1716,157,125
Whse_A,Product_1719,167,139
Whse_A,Product_1724,393,360
Whse_A,Product_1725,193,174
Whse_A,Product_1726,524,189
Whse_A,Product_1727,65,65
Whse_A,Product_1748,83,48
Whse_A,Product_1751,161,24
Whse_A,Product_1772,103,12
Whse_A,Product_1773,14,6
Whse_A,Product_1774,209,42
Whse_A,Product_1775,57,30
Whse_A,Product_1776,123,49
Whse_A,Product_1777,137,49
Whse_A,Product_1778,124,121
Whse_A,Product_1786,150,45
Whse_A,Product_1792,70,6
Whse_A,Product_1793,24,10
Whse_A,Product_1794,24,16
Whse_A,Product_1800,103,21
Whse_A,Product_1807,22,16
Whse_A,Product_1808,21,8
Whse_A,Product_1814,107,31
Whse_A,Product_1815,268,50
Whse_A,Product_1816,131,17
Whse_A,Product_1822,139,17
Whse_A,Product_1825,35272,35215
Whse_A,Product_1828,27,22
Whse_A,Product_1834,13,13
Whse_A,Product_1836,90,14
Whse_A,Product_1837,127,10
Whse_A,Product_1839,21892,21694
Whse_A,Product_1844,102,27
Whse_A,Product_1846,16482,16197
Whse_A,Product_1847,1279,1095
Whse_A,Product_1848,5143,4990
Whse_A,Product_1886,11067,10926
Whse_A,Product_1891,153,76
Whse_A,Product_1892,67,57
Whse_A,Product_1898,139,5
Whse_A,Product_1908,55,8
Whse_A,Product_1911,366,226
Whse_A,Product_1912,1425,1202
Whse_A,Product_1913,470,438
Whse_A,Product_1914,385,298
Whse_A,Product_1915,461,196
Whse_A,Product_1918,83,10
Whse_A,Product_1957,273,172
Whse_A,Product_1958,279,133
Whse_A,Product_1959,102,54
Whse_A,Product_1960,19,19
Whse_A,Product_1976,75,4
Whse_A,Product_1978,738,641
Whse_A,Product_2039,96,11
Whse_A,Product_2051,37,15
Whse_A,Product_2052,215,141
Whse_A,Product_2053,211,184
Whse_A,Product_2054,179,123
Whse_A,Product_2055,103,76
Whse_A,Product_2056,149,117
Whse_A,Product_2057,76,26
Whse_A,Product_2058,48,41
Whse_A,Product_2059,476,275
Whse_A,Product_2060,21,17
Whse_A,Product_2070,654,584
Whse_A,Product_2071,523,481
Whse_A,Product_2072,537,477
Whse_A,Product_2073,150,85
Whse_A,Product_2074,142,50
Whse_A,Product_2075,416,266
Whse_A,Product_2076,290,176
Whse_A,Product_2077,296,60
Whse_A,Product_2078,246,126
Whse_A,Product_2079,248,103
Whse_A,Product_2080,330,284
Whse_A,Product_2081,495,436
Whse_A,Product_2082,785,545
Whse_A,Product_2083,1022,926
Whse_A,Product_2084,320,145
Whse_A,Product_2085,284,147
Whse_A,Product_2086,157,72
Whse_A,Product_2087,406,165
Whse_A,Product_2088,347,276
Whse_A,Product_2089,422,388
Whse_A,Product_2090,600,523
Whse_A,Product_2091,421,137
Whse_A,Product_2092,111,87
Whse_A,Product_2093,234,187
Whse_A,Product_2095,710,515
Whse_A,Product_2100,160,155
Whse_A,Product_2107,1526,1412
Whse_A,Product_2108,720,630
Whse_A,Product_2109,1152,978
Whse_A,Product_2110,607,469
Whse_A,Product_2111,1898,1821
Whse_A,Product_2112,641,576
Whse_A,Product_2113,393,244
Whse_A,Product_2114,1154,1042
Whse_A,Product_2115,99,86
Whse_A,Product_2116,234,185
Whse_A,Product_2117,82,64
Whse_A,Product_2118,230,161
Whse_A,Product_2119,73,45
Whse_A,Product_2120,117,98
Whse_A,Product_2121,241,235
Whse_A,Product_2122,315,114
Whse_A,Product_2123,191,184
Whse_A,Product_2124,35,35
Whse_A,Product_2128,510,283
Whse_A,Product_2130,221,60
Whse_A,Product_2132,386,362
Whse_A,Product_2136,379,357
Whse_A,Product_2138,704,641
Whse_A,Product_2142,294,238
Whse_A,Product_2144,170,112
Whse_A,Product_2147,90,10
Whse_A,Product_2164,45,42
Whse_A,Product_2165,59,33
Whse_A,Product_2166,95,54
Whse_A,Product_2167,602,553
Whse_A,Product_2168,517,165
Whse_A,Product_2169,122,41
Whse_C,Product_0002,71599,71505
Whse_C,Product_0008,6153,6058
Whse_C,Product_0012,14100,13939
Whse_C,Product_0021,14328,14056
Whse_C,Product_0033,46440,46428
Whse_C,Product_0036,6026,5869
Whse_C,Product_0038,6424,6424
Whse_C,Product_0044,45336,45308
Whse_C,Product_0063,108109,107874
Whse_C,Product_0071,44633,44493
Whse_C,Product_0083,334941,334722
Whse_C,Product_0093,42772,42730
Whse_C,Product_0094,242522,242459
Whse_C,Product_0100,31660,31652
Whse_C,Product_0116,314,94
Whse_C,Product_0119,253,24
Whse_C,Product_0125,72,13
Whse_C,Product_0144,3804,3734
Whse_C,Product_0147,5804,5766
Whse_C,Product_0191,4422,4409
Whse_C,Product_0192,2068,1847
Whse_C,Product_0193,2537,2407
Whse_C,Product_0194,2958,2913
Whse_C,Product_0195,2257,2131
Whse_C,Product_0200,1192,1180
Whse_C,Product_0202,5078,4901
Whse_C,Product_0204,1208,998
Whse_C,Product_0206,2818,2666
Whse_C,Product_0208,620,362
Whse_C,Product_0209,3707,3639
Whse_C,Product_0213,647,630
Whse_C,Product_0215,466,464
Whse_C,Product_0226,1715,1532
Whse_C,Product_0229,1238,757
Whse_C,Product_0249,363,330
Whse_C,Product_0250,865,839
Whse_C,Product_0288,1731,1599
Whse_C,Product_0304,260,175
Whse_C,Product_0312,188,16
Whse_C,Product_0342,213,68
Whse_C,Product_0349,393,185
Whse_C,Product_0368,27175,27010
Whse_C,Product_0374,26746,26710
Whse_C,Product_0387,15569,15104
Whse_C,Product_0412,166,78
Whse_C,Product_0439,218,215
Whse_C,Product_0443,53,37
Whse_C,Product_0445,95,66
Whse_C,Product_0453,548,77
Whse_C,Product_0458,255,75
Whse_C,Product_0463,291,201
Whse_C,Product_0469,660,608
Whse_C,Product_0471,72,67
Whse_C,Product_0477,2268,2217
Whse_C,Product_0491,149,32
Whse_C,Product_0495,110,44
Whse_C,Product_0550,4948,4838
Whse_C,Product_0551,4724,4638
Whse_C,Product_0552,16309,16154
Whse_C,Product_0553,12160,12138
Whse_C,Product_0555,3596,3596
Whse_C,Product_0556,21669,21564
Whse_C,Product_0557,32435,32279
Whse_C,Product_0558,10317,10178
Whse_C,Product_0559,3205,2982
Whse_C,Product_0561,5821,5508
Whse_C,Product_0562,4199,4016
Whse_C,Product_0608,78,23
Whse_C,Product_0610,155,45
Whse_C,Product_0611,19,6
Whse_C,Product_0613,88,36
Whse_C,Product_0614,94,13
Whse_C,Product_0615,82,33
Whse_C,Product_0617,142,8
Whse_C,Product_0620,95,17
Whse_C,Product_0622,197,97
Whse_C,Product_0623,235,37
Whse_C,Product_0631,185,11
Whse_C,Product_0639,693,21
Whse_C,Product_0642,102,51
Whse_C,Product_0645,134,22
Whse_C,Product_0658,225,212
Whse_C,Product_0664,497,388
Whse_C,Product_0666,48,25
Whse_C,Product_0670,268,114
Whse_C,Product_0863,3339,3232
Whse_C,Product_0870,12603,12426
Whse_C,Product_0871,8942,8746
Whse_C,Product_0872,660,544
Whse_C,Product_0873,1119,709
Whse_C,Product_0874,812,510
Whse_C,Product_0875,1485,1353
Whse_C,Product_0876,707,685
Whse_C,Product_0877,1359,1093
Whse_C,Product_0878,367,82
Whse_C,Product_0879,2336,2325
Whse_C,Product_0880,2633,2539
Whse_C,Product_0881,609,174
Whse_C,Product_0882,279,175
Whse_C,Product_0883,817,735
Whse_C,Product_0884,320,209
Whse_C,Product_0885,7656,7647
Whse_C,Product_0886,2596,2586
Whse_C,Product_0887,846,267
Whse_C,Product_0888,2276,2261
Whse_C,Product_0889,3404,3147
Whse_C,Product_0890,853,665
Whse_C,Product_0891,2047,2028
Whse_C,Product_0892,1341,1145
Whse_C,Product_0893,294,196
Whse_C,Product_0894,1369,1241
Whse_C,Product_0895,482,233
Whse_C,Product_0896,596,358
Whse_C,Product_0902,655,615
Whse_C,Product_0905,982,747
Whse_C,Product_0940,2167,2053
Whse_C,Product_0949,9080,9008
Whse_C,Product_0958,6744,6650
Whse_C,Product_0961,1044,1038
Whse_C,Product_1010,6426,5888
Whse_C,Product_1016,85902,85175
Whse_C,Product_1023,10697,10610
Whse_C,Product_1047,46790,46573
Whse_C,Product_1078,39855,39660
Whse_C,Product_1101,65756,65600
Whse_C,Product_1131,2896,2449
Whse_C,Product_1132,6044,5930
Whse_C,Product_1135,30346,29905
Whse_C,Product_1157,265251,265248
Whse_C,Product_1166,592063,591949
Whse_C,Product_1190,10586,10423
Whse_C,Product_1195,38267,38254
Whse_C,Product_1198,11759,11637
Whse_C,Product_1216,20168,20106
Whse_C,Product_1227,3338,3170
Whse_C,Product_1235,42532,41489
Whse_C,Product_1238,6219,6129
Whse_C,Product_1241,76065,75927
Whse_C,Product_1243,11359,11352
Whse_C,Product_1245,970531,970501
Whse_C,Product_1247,25108,25004
Whse_C,Product_1263,192258,192223
Whse_C,Product_1264,71692,71644
Whse_C,Product_1270,39895,39802
Whse_C,Product_1278,47037,46637
Whse_C,Product_1279,74262,74158
Whse_C,Product_1281,69920,69868
Whse_C,Product_1298,3689,3481
Whse_C,Product_1299,32353,32258
Whse_C,Product_1341,173329,173246
Whse_C,Product_1342,164180,163765
Whse_C,Product_1344,2651,2327
Whse_C,Product_1348,50078,49868
Whse_C,Product_1350,33174,32925
Whse_C,Product_1352,7111,6961
Whse_C,Product_1353,12377,12347
Whse_C,Product_1354,35543,35403
Whse_C,Product_1355,26830,26742
Whse_C,Product_1356,67006,66991
Whse_C,Product_1366,172307,171858
Whse_C,Product_1387,4053,3468
Whse_C,Product_1393,21922,21819
Whse_C,Product_1394,121995,121765
Whse_C,Product_1401,5364,5228
Whse_C,Product_1402,7975,7875
Whse_C,Product_1403,55899,55670
Whse_C,Product_1404,11856,11473
Whse_C,Product_1407,115191,114938
Whse_C,Product_1431,69415,69328
Whse_C,Product_1432,66881,66813
Whse_C,Product_1439,9698,9634
Whse_C,Product_1450,34141,34029
Whse_C,Product_1465,58806,58552
Whse_C,Product_1466,43039,42972
Whse_C,Product_1468,4861,4588
Whse_C,Product_1470,18039,17875
Whse_C,Product_1479,32755,32741
Whse_C,Product_1480,149597,149330
Whse_C,Product_1485,40163,39621
Whse_C,Product_1494,4283,4268
Whse_C,Product_1502,110161,110041
Whse_C,Product_1507,29769,29650
Whse_C,Product_1512,11375,11144
Whse_C,Product_1513,9571,9024
Whse_C,Product_1520,39946,39946
Whse_C,Product_1521,30278,30195
Whse_C,Product_1528,21334,21113
Whse_C,Product_1542,12172,11460
Whse_C,Product_1545,4420,4276
Whse_C,Product_1548,10999,10972
Whse_C,Product_1558,1761,1643
Whse_C,Product_1564,12505,12503
Whse_C,Product_1568,32481,32335
Whse_C,Product_1570,233465,233116
Whse_C,Product_1581,24534,24399
Whse_C,Product_1586,1777,1758
Whse_C,Product_1587,1771,1691
Whse_C,Product_1592,511,379
Whse_C,Product_1593,6121,5766
Whse_C,Product_1594,693,525
Whse_C,Product_1595,1217,1137
Whse_C,Product_1597,789,701
Whse_C,Product_1599,1101,769
Whse_C,Product_1600,12528,12165
Whse_C,Product_1601,13518,13421
Whse_C,Product_1602,1804,1547
Whse_C,Product_1610,11323,11292
Whse_C,Product_1643,14653,14156
Whse_C,Product_1733,2569,2446
Whse_C,Product_1738,8292,8065
Whse_C,Product_1740,9195,9021
Whse_C,Product_1766,20938,20856
Whse_C,Product_1792,145,7
Whse_C,Product_1794,131,17
Whse_C,Product_1823,32978,32736
Whse_C,Product_1825,55621,55410
Whse_C,Product_1835,57100,56526
Whse_C,Product_1847,2093,1560
Whse_C,Product_1859,81,11
Whse_C,Product_1886,29673,29211
Whse_C,Product_1904,66903,66639
Whse_C,Product_1925,331,246
Whse_C,Product_1933,345,2
Whse_C,Product_1942,52,13
Whse_C,Product_1967,17011,16979
Whse_C,Product_1969,7356,7211
Whse_C,Product_1970,25416,25216
Whse_C,Product_1980,19421,19311
Whse_C,Product_1986,1227,784
Whse_C,Product_1991,2249,1968
Whse_C,Product_1997,12112,11753
Whse_C,Product_2001,3438,3297
Whse_C,Product_2003,2716,2422
Whse_C,Product_2004,5645,5487
Whse_C,Product_2008,3380,3035
Whse_C,Product_2015,16012,15827
Whse_C,Product_2019,2180,2174
Whse_C,Product_2021,3058,1964
Whse_C,Product_2138,1273,1132
Whse_C,Product_2165,175,33
Whse_C,Product_2166,895,149
Whse_C,Product_2167,592,462
Whse_C,Product_2169,392,144
Whse_C,Product_2170,297,12
Whse_J,Product_0001,3952,3769
Whse_J,Product_0003,1965,1815
Whse_J,Product_0004,1863,1317
Whse_J,Product_0005,3104,2925
Whse_J,Product_0006,847,637
Whse_J,Product_0007,832,722
Whse_J,Product_0008,6113,5907
Whse_J,Product_0009,883,849
Whse_J,Product_0010,281,281
Whse_J,Product_0011,3687,3605
Whse_J,Product_0012,9096,8967
Whse_J,Product_0013,1246,1130
Whse_J,Product_0014,10599,10441
Whse_J,Product_0015,11762,11717
Whse_J,Product_0016,9437,9089
Whse_J,Product_0017,2760,2610
Whse_J,Product_0018,7120,6899
Whse_J,Product_0019,5129,4306
Whse_J,Product_0020,3109,2450
Whse_J,Product_0021,8723,8543
Whse_J,Product_0022,1485,1258
Whse_J,Product_0023,2216,1980
Whse_J,Product_0024,5771,5434
Whse_J,Product_0025,3763,3378
Whse_J,Product_0026,1144,959
Whse_J,Product_0027,406,397
Whse_J,Product_0028,1188,772
Whse_J,Product_0029,1261,530
Whse_J,Product_0030,628,296
Whse_J,Product_0031,8111,8060
Whse_J,Product_0032,3045,3038
Whse_J,Product_0033,60330,59381
Whse_J,Product_0034,4040,3205
Whse_J,Product_0035,2824,2399
Whse_J,Product_0036,2661,2404
Whse_J,Product_0037,5793,5754
Whse_J,Product_0039,1592,1173
Whse_J,Product_0040,422,368
Whse_J,Product_0041,1644,469
Whse_J,Product_0042,876,783
Whse_J,Product_0043,786,606
Whse_J,Product_0045,5167,5130
Whse_J,Product_0046,1807,1355
Whse_J,Product_0047,1324,1179
Whse_J,Product_0048,367,248
Whse_J,Product_0049,1325,523
Whse_J,Product_0050,1410,836
Whse_J,Product_0051,3028,2525
Whse_J,Product_0052,3422,2761
Whse_J,Product_0053,6102,6080
Whse_J,Product_0054,11490,10860
Whse_J,Product_0055,4717,4400
Whse_J,Product_0056,1107,1022
Whse_J,Product_0057,264,7
Whse_J,Product_0058,257,5
Whse_J,Product_0059,1089,2
Whse_J,Product_0060,186,5
Whse_J,Product_0061,3745,3699
Whse_J,Product_0062,7293,6988
Whse_J,Product_0063,42703,42669
Whse_J,Product_0064,47593,47145
Whse_J,Product_0065,30539,29980
Whse_J,Product_0066,525752,525410
Whse_J,Product_0067,3974,3437
Whse_J,Product_0068,2765,2594
Whse_J,Product_0069,1633,1309
Whse_J,Product_0070,58644,58360
Whse_J,Product_0071,40271,39419
Whse_J,Product_0072,168479,168380
Whse_J,Product_0073,232024,231682
Whse_J,Product_0074,40818,39745
Whse_J,Product_0076,1644,1511
Whse_J,Product_0078,5328,5064
Whse_J,Product_0079,50699,50630
Whse_J,Product_0080,1593,1552
Whse_J,Product_0081,2828,2373
Whse_J,Product_0082,93893,93676
Whse_J,Product_0083,531046,529946
Whse_J,Product_0085,35711,35186
Whse_J,Product_0086,15165,15000
Whse_J,Product_0087,3088,2926
Whse_J,Product_0088,2659,2339
Whse_J,Product_0089,14928,14261
Whse_J,Product_0090,4652,4484
Whse_J,Product_0092,1406,978
Whse_J,Product_0093,67945,67852
Whse_J,Product_0095,14073,13860
Whse_J,Product_0096,30844,30416
Whse_J,Product_0097,2500,2170
Whse_J,Product_0098,191750,191640
Whse_J,Product_0099,18534,18378
Whse_J,Product_0101,6258,6146
Whse_J,Product_0102,203,15
Whse_J,Product_0103,2699,181
Whse_J,Product_0104,237,97
Whse_J,Product_0105,642,332
Whse_J,Product_0107,20453,20077
Whse_J,Product_0108,53248,53180
Whse_J,Product_0109,33650,33513
Whse_J,Product_0110,971,643
Whse_J,Product_0111,1152,276
Whse_J,Product_0113,6221,5699
Whse_J,Product_0114,303,200
Whse_J,Product_0115,1229,1027
Whse_J,Product_0116,651,98
Whse_J,Product_0117,1099,487
Whse_J,Product_0118,1127,152
Whse_J,Product_0119,186,58
Whse_J,Product_0124,424,27
Whse_J,Product_0125,979,32
Whse_J,Product_0126,19676,19399
Whse_J,Product_0127,3956,3765
Whse_J,Product_0128,13876,13876
Whse_J,Product_0129,15809,15695
Whse_J,Product_0130,1366,410
Whse_J,Product_0138,676,532
Whse_J,Product_0139,120,78
Whse_J,Product_0140,654,640
Whse_J,Product_0141,500,320
Whse_J,Product_0142,829,759
Whse_J,Product_0150,80,41
Whse_J,Product_0152,172,82
Whse_J,Product_0156,1050,7
Whse_J,Product_0157,230,86
Whse_J,Product_0158,731,506
Whse_J,Product_0159,1187,30
Whse_J,Product_0160,673,17
Whse_J,Product_0161,408,65
Whse_J,Product_0163,306,59
Whse_J,Product_0164,458,18
Whse_J,Product_0165,573,18
Whse_J,Product_0167,414,27
Whse_J,Product_0168,102,78
Whse_J,Product_0170,240,79
Whse_J,Product_0172,298,38
Whse_J,Product_0173,1142,87
Whse_J,Product_0174,952,698
Whse_J,Product_0175,682,464
Whse_J,Product_0176,718,455
Whse_J,Product_0177,518,496
Whse_J,Product_0178,3376,3105
Whse_J,Product_0179,2522,2125
Whse_J,Product_0180,524,128
Whse_J,Product_0181,897,450
Whse_J,Product_0182,616,242
Whse_J,Product_0183,1174,747
Whse_J,Product_0184,674,406
Whse_J,Product_0185,967,828
Whse_J,Product_0186,1307,384
Whse_J,Product_0187,854,816
Whse_J,Product_0188,3121,1289
Whse_J,Product_0196,1295,687
Whse_J,Product_0197,380,199
Whse_J,Product_0198,971,189
Whse_J,Product_0199,1580,1133
Whse_J,Product_0200,1109,686
Whse_J,Product_0206,1812,1618
Whse_J,Product_0214,4314,3532
Whse_J,Product_0215,2337,2192
Whse_J,Product_0216,129,127
Whse_J,Product_0217,2283,1353
Whse_J,Product_0218,242,241
Whse_J,Product_0219,4258,1173
Whse_J,Product_0220,1366,1010
Whse_J,Product_0221,535,529
Whse_J,Product_0222,691,163
Whse_J,Product_0223,1293,717
Whse_J,Product_0224,851,533
Whse_J,Product_0225,944,941
Whse_J,Product_0226,1158,996
Whse_J,Product_0227,1061,678
Whse_J,Product_0228,1504,1374
Whse_J,Product_0229,634,501
Whse_J,Product_0230,736,393
Whse_J,Product_0231,3281,382
Whse_J,Product_0232,22,14
Whse_J,Product_0233,578,537
Whse_J,Product_0234,989,496
Whse_J,Product_0235,1127,608
Whse_J,Product_0236,834,91
Whse_J,Product_0237,603,56
Whse_J,Product_0238,1587,254
Whse_J,Product_0239,805,515
Whse_J,Product_0240,1388,779
Whse_J,Product_0241,1638,1073
Whse_J,Product_0242,1532,611
Whse_J,Product_0243,1307,496
Whse_J,Product_0244,614,82
Whse_J,Product_0248,293,288
Whse_J,Product_0249,276,177
Whse_J,Product_0250,2245,830
Whse_J,Product_0251,643,27
Whse_J,Product_0252,3059,1102
Whse_J,Product_0253,901,364
Whse_J,Product_0254,858,488
Whse_J,Product_0255,609,88
Whse_J,Product_0256,409,7
Whse_J,Product_0257,21,5
Whse_J,Product_0258,1392,3
Whse_J,Product_0259,149,4
Whse_J,Product_0260,770,39
Whse_J,Product_0261,273,133
Whse_J,Product_0262,332,19
Whse_J,Product_0263,1311,16
Whse_J,Product_0264,97,8
Whse_J,Product_0265,567,7
Whse_J,Product_0266,630,15
Whse_J,Product_0267,645,13
Whse_J,Product_0268,502,3
Whse_J,Product_0269,67,10
Whse_J,Product_0270,287,15
Whse_J,Product_0271,299,5
Whse_J,Product_0273,1444,376
Whse_J,Product_0275,1001,659
Whse_J,Product_0276,890,689
Whse_J,Product_0277,3054,1233
Whse_J,Product_0278,1243,239
Whse_J,Product_0279,615,195
Whse_J,Product_0280,1000,150
Whse_J,Product_0281,194,72
Whse_J,Product_0282,994,256
Whse_J,Product_0283,337,279
Whse_J,Product_0284,1332,890
Whse_J,Product_0285,489,168
Whse_J,Product_0286,1152,643
Whse_J,Product_0287,1457,799
Whse_J,Product_0288,2096,1117
Whse_J,Product_0289,652,90
Whse_J,Product_0290,671,50
Whse_J,Product_0291,1581,258
Whse_J,Product_0292,296,42
Whse_J,Product_0294,378,180
Whse_J,Product_0295,628,138
Whse_J,Product_0296,362,111
Whse_J,Product_0297,982,598
Whse_J,Product_0298,1642,182
Whse_J,Product_0299,772,189
Whse_J,Product_0300,390,194
Whse_J,Product_0301,543,312
Whse_J,Product_0302,819,48
Whse_J,Product_0303,273,137
Whse_J,Product_0304,443,312
Whse_J,Product_0305,84,68
Whse_J,Product_0306,934,22
Whse_J,Product_0307,701,52
Whse_J,Product_0308,1011,344
Whse_J,Product_0309,44,31
Whse_J,Product_0310,1741,66
Whse_J,Product_0311,1299,143
Whse_J,Product_0313,2058,574
Whse_J,Product_0314,333,162
Whse_J,Product_0315,833,73
Whse_J,Product_0316,1187,201
Whse_J,Product_0317,685884,254
Whse_J,Product_0318,613,103
Whse_J,Product_0322,453,50
Whse_J,Product_0323,189,42
Whse_J,Product_0324,131,23
Whse_J,Product_0325,419,24
Whse_J,Product_0327,40,4
Whse_J,Product_0328,227,8
Whse_J,Product_0329,2035,71
Whse_J,Product_0331,449,13
Whse_J,Product_0332,1398,38
Whse_J,Product_0333,384,70
Whse_J,Product_0334,926,14
Whse_J,Product_0335,771,97
Whse_J,Product_0336,1518,45
Whse_J,Product_0337,1581,73
Whse_J,Product_0338,329,43
Whse_J,Product_0339,246,44
Whse_J,Product_0340,399,13
Whse_J,Product_0341,139,57
Whse_J,Product_0344,704,355
Whse_J,Product_0345,124,116
Whse_J,Product_0346,116,30
Whse_J,Product_0348,1423,129
Whse_J,Product_0349,2167,111
Whse_J,Product_0350,280,6
Whse_J,Product_0351,2417,77
Whse_J,Product_0353,1743,40
Whse_J,Product_0354,582,33
Whse_J,Product_0355,18441,18373
Whse_J,Product_0356,8891,8007
Whse_J,Product_0357,10385,9995
Whse_J,Product_0358,3537,3354
Whse_J,Product_0359,22933,22720
Whse_J,Product_0361,686,20
Whse_J,Product_0362,668,10
Whse_J,Product_0363,1146,4
Whse_J,Product_0364,1324,30
Whse_J,Product_0365,419,8
Whse_J,Product_0367,2898,2441
Whse_J,Product_0369,514,192
Whse_J,Product_0370,1104,716
Whse_J,Product_0373,1548,514
Whse_J,Product_0375,358,164
Whse_J,Product_0377,4501,1046
Whse_J,Product_0378,1243,886
Whse_J,Product_0380,536,400
Whse_J,Product_0382,1939,714
Whse_J,Product_0383,2095,1278
Whse_J,Product_0386,2320,1029
Whse_J,Product_0389,1654,589
Whse_J,Product_0393,308,21
Whse_J,Product_0394,2419,43
Whse_J,Product_0395,320,19
Whse_J,Product_0396,374,48
Whse_J,Product_0397,567,483
Whse_J,Product_0399,823,748
Whse_J,Product_0400,1285,759
Whse_J,Product_0402,607,15
Whse_J,Product_0406,1444,809
Whse_J,Product_0407,2924,2443
Whse_J,Product_0408,4260,3610
Whse_J,Product_0409,702,44
Whse_J,Product_0410,439,178
Whse_J,Product_0412,1516,69
Whse_J,Product_0429,1892,749
Whse_J,Product_0430,8587,186
Whse_J,Product_0431,2733,2475
Whse_J,Product_0432,630,8
Whse_J,Product_0433,6901,6759
Whse_J,Product_0443,2784,91
Whse_J,Product_0444,464,44
Whse_J,Product_0445,345,84
Whse_J,Product_0446,1597,68
Whse_J,Product_0447,699,26
Whse_J,Product_0448,227,112
Whse_J,Product_0449,1049,13
Whse_J,Product_0450,35,22
Whse_J,Product_0451,723,230
Whse_J,Product_0452,372,106
Whse_J,Product_0453,508,187
Whse_J,Product_0454,191,62
Whse_J,Product_0455,474,57
Whse_J,Product_0457,550,28
Whse_J,Product_0458,542,75
Whse_J,Product_0459,777,143
Whse_J,Product_0460,3920,48
Whse_J,Product_0461,140,25
Whse_J,Product_0462,501,91
Whse_J,Product_0463,1070,65
Whse_J,Product_0464,546,73
Whse_J,Product_0468,778,296
Whse_J,Product_0469,1957,777
Whse_J,Product_0471,210,45
Whse_J,Product_0472,44,18
Whse_J,Product_0473,506,5
Whse_J,Product_0474,531,29
Whse_J,Product_0475,3601,2558
Whse_J,Product_0476,2654,1629
Whse_J,Product_0478,6001,4825
Whse_J,Product_0479,5252,4517
Whse_J,Product_0481,1026,129
Whse_J,Product_0482,966,10
Whse_J,Product_0483,1507,51
Whse_J,Product_0485,459,71
Whse_J,Product_0486,488,385
Whse_J,Product_0487,535,87
Whse_J,Product_0488,1245,653
Whse_J,Product_0489,1074,332
Whse_J,Product_0490,185,82
Whse_J,Product_0492,672,19
Whse_J,Product_0493,212,66
Whse_J,Product_0494,2045,14
Whse_J,Product_0497,486,10
Whse_J,Product_0498,31,5
Whse_J,Product_0499,1336,10
Whse_J,Product_0500,342,25
Whse_J,Product_0501,900,13
Whse_J,Product_0502,216,18
Whse_J,Product_0503,423,74
Whse_J,Product_0504,1831,41
Whse_J,Product_0505,47,46
Whse_J,Product_0508,547,28
Whse_J,Product_0509,252,53
Whse_J,Product_0510,220,97
Whse_J,Product_0512,260,230
Whse_J,Product_0513,1581,106
Whse_J,Product_0514,2124,867
Whse_J,Product_0516,1823,55
Whse_J,Product_0517,776,83
Whse_J,Product_0520,372,27
Whse_J,Product_0524,262,81
Whse_J,Product_0525,42,22
Whse_J,Product_0526,1533,14
Whse_J,Product_0529,307,47
Whse_J,Product_0533,952,71
Whse_J,Product_0534,877,157
Whse_J,Product_0537,357,17
Whse_J,Product_0538,143,68
Whse_J,Product_0539,778,66
Whse_J,Product_0540,903,14
Whse_J,Product_0544,675,39
Whse_J,Product_0545,760,188
Whse_J,Product_0546,858,41
Whse_J,Product_0547,1560,144
Whse_J,Product_0548,190,67
Whse_J,Product_0564,2150,1894
Whse_J,Product_0568,496,37
Whse_J,Product_0569,1102,59
Whse_J,Product_0570,1446,132
Whse_J,Product_0571,341,41
Whse_J,Product_0572,1648,371
Whse_J,Product_0578,170,53
Whse_J,Product_0581,403,171
Whse_J,Product_0582,2531,441
Whse_J,Product_0583,1484,1197
Whse_J,Product_0584,1151,316
Whse_J,Product_0585,387,170
Whse_J,Product_0586,1808,348
Whse_J,Product_0588,734,263
Whse_J,Product_0590,3258,591
Whse_J,Product_0593,1098,1089
Whse_J,Product_0594,1044,141
Whse_J,Product_0596,775,290
Whse_J,Product_0597,260,7
Whse_J,Product_0598,452,6
Whse_J,Product_0600,706,480
Whse_J,Product_0601,417,173
Whse_J,Product_0602,637,224
Whse_J,Product_0603,3319,771
Whse_J,Product_0604,2314,1462
Whse_J,Product_0605,2036,1055
Whse_J,Product_0606,770,573
Whse_J,Product_0607,464,163
Whse_J,Product_0608,605,35
Whse_J,Product_0609,1110,6
Whse_J,Product_0612,2912,3
Whse_J,Product_0613,319,40
Whse_J,Product_0614,3089,38
Whse_J,Product_0615,208,62
Whse_J,Product_0616,717,19
Whse_J,Product_0617,1785,13
Whse_J,Product_0618,783,596
Whse_J,Product_0619,506,396
Whse_J,Product_0620,2177,23
Whse_J,Product_0621,641,8
Whse_J,Product_0623,861,44
Whse_J,Product_0624,180,9
Whse_J,Product_0625,686,17
Whse_J,Product_0626,208,6
Whse_J,Product_0627,665,44
Whse_J,Product_0628,807,29
Whse_J,Product_0629,2251,13
Whse_J,Product_0630,1495,3
Whse_J,Product_0631,74,24
Whse_J,Product_0632,3769,20
Whse_J,Product_0633,639,7
Whse_J,Product_0639,286,24
Whse_J,Product_0640,1563,10
Whse_J,Product_0641,1539,10
Whse_J,Product_0642,463,23
Whse_J,Product_0643,1783,6
Whse_J,Product_0644,155,7
Whse_J,Product_0645,1004,24
Whse_J,Product_0648,2407,1649
Whse_J,Product_0649,2412,1787
Whse_J,Product_0651,1701,4
Whse_J,Product_0652,1109,108
Whse_J,Product_0653,1581,343
Whse_J,Product_0654,726,174
Whse_J,Product_0655,884,13
Whse_J,Product_0656,259,25
Whse_J,Product_0657,42,14
Whse_J,Product_0658,7547,235
Whse_J,Product_0659,1510,39
Whse_J,Product_0660,374,166
Whse_J,Product_0661,911,34
Whse_J,Product_0662,2381,362
Whse_J,Product_0663,1518,219
Whse_J,Product_0664,1145,304
Whse_J,Product_0665,1160,20
Whse_J,Product_0666,670,52
Whse_J,Product_0667,2877,50
Whse_J,Product_0668,1401,53
Whse_J,Product_0669,430,35
Whse_J,Product_0670,2334,74
Whse_J,Product_0671,214,52
Whse_J,Product_0672,1412,92
Whse_J,Product_0673,679,8
Whse_J,Product_0674,1541,2
Whse_J,Product_0675,809,14
Whse_J,Product_0676,963,496
Whse_J,Product_0677,5854,4785
Whse_J,Product_0678,1706,413
Whse_J,Product_0679,2936,272
Whse_J,Product_0680,2048,351
Whse_J,Product_0681,2539,488
Whse_J,Product_0682,1195,281
Whse_J,Product_0683,4939,623
Whse_J,Product_0684,5073,1516
Whse_J,Product_0685,1303,899
Whse_J,Product_0686,1536,433
Whse_J,Product_0687,1544,250
Whse_J,Product_0688,913,421
Whse_J,Product_0689,3181,894
Whse_J,Product_0690,7329,6605
Whse_J,Product_0691,1615,619
Whse_J,Product_0692,1267,294
Whse_J,Product_0693,2204,18
Whse_J,Product_0694,1222,16
Whse_J,Product_0695,685,150
Whse_J,Product_0696,3742,123
Whse_J,Product_0697,587,151
Whse_J,Product_0698,1540,188
Whse_J,Product_0699,199,147
Whse_J,Product_0700,1374,104
Whse_J,Product_0701,401,314
Whse_J,Product_0702,2506,122
Whse_J,Product_0703,555,22
Whse_J,Product_0704,3868,32
Whse_J,Product_0705,4579,253
Whse_J,Product_0706,1081,341
Whse_J,Product_0707,1057,318
Whse_J,Product_0708,1485,264
Whse_J,Product_0709,376,266
Whse_J,Product_0710,1097,109
Whse_J,Product_0711,1100,38
Whse_J,Product_0712,1531,16
Whse_J,Product_0713,724,69
Whse_J,Product_0714,106,68
Whse_J,Product_0715,1471,66
Whse_J,Product_0716,756,35
Whse_J,Product_0717,255,94
Whse_J,Product_0718,512,31
Whse_J,Product_0719,956,47
Whse_J,Product_0720,1186,36
Whse_J,Product_0721,1118,24
Whse_J,Product_0722,2714,35
Whse_J,Product_0723,2553,139
Whse_J,Product_0724,1420,378
Whse_J,Product_0725,4770,102
Whse_J,Product_0726,1116,173
Whse_J,Product_0727,1618,359
Whse_J,Product_0728,715,41
Whse_J,Product_0729,1363,106
Whse_J,Product_0730,1868,166
Whse_J,Product_0731,772,23
Whse_J,Product_0732,367,31
Whse_J,Product_0733,599,45
Whse_J,Product_0734,984,48
Whse_J,Product_0735,184,69
Whse_J,Product_0736,127,24
Whse_J,Product_0737,3315,27
Whse_J,Product_0738,2749,42
Whse_J,Product_0739,2227,300
Whse_J,Product_0740,840,116
Whse_J,Product_0741,5475,238
Whse_J,Product_0742,5124,155
Whse_J,Product_0743,323,309
Whse_J,Product_0744,470,123
Whse_J,Product_0745,957,55
Whse_J,Product_0746,1163,162
Whse_J,Product_0747,717,15
Whse_J,Product_0748,326,68
Whse_J,Product_0749,1481,46
Whse_J,Product_0750,1221,58
Whse_J,Product_0751,329,18
Whse_J,Product_0752,5665,67
Whse_J,Product_0753,3810,22
Whse_J,Product_0754,1045,99
Whse_J,Product_0755,1033,127
Whse_J,Product_0756,1206,79
Whse_J,Product_0757,1768,156
Whse_J,Product_0758,2280,192
Whse_J,Product_0759,2218,378
Whse_J,Product_0760,559,133
Whse_J,Product_0761,161,161
Whse_J,Product_0762,2397,96
Whse_J,Product_0763,1064,11
Whse_J,Product_0764,1403,59
Whse_J,Product_0765,3520,9
Whse_J,Product_0766,1330,47
Whse_J,Product_0767,1863,187
Whse_J,Product_0768,4195,148
Whse_J,Product_0769,789,181
Whse_J,Product_0770,2186,89
Whse_J,Product_0771,1300,187
Whse_J,Product_0772,2553,183
Whse_J,Product_0773,1074,189
Whse_J,Product_0774,2552,80
Whse_J,Product_0775,649,22
Whse_J,Product_0776,441,105
Whse_J,Product_0777,3150,13
Whse_J,Product_0778,2300,44
Whse_J,Product_0779,1589,46
Whse_J,Product_0780,2421,46
Whse_J,Product_0781,2379,29
Whse_J,Product_0782,2498,26
Whse_J,Product_0783,2256,109
Whse_J,Product_0784,3585,52
Whse_J,Product_0785,66,55
Whse_J,Product_0786,496,40
Whse_J,Product_0787,1270,125
Whse_J,Product_0788,1290,38
Whse_J,Product_0789,3799,56
Whse_J,Product_0790,469,32
Whse_J,Product_0791,409,144
Whse_J,Product_0792,737,50
Whse_J,Product_0793,4177,66
Whse_J,Product_0794,3016,48
Whse_J,Product_0795,1241,81
Whse_J,Product_0796,2047,50
Whse_J,Product_0797,1368,11
Whse_J,Product_0798,2255,39
Whse_J,Product_0799,2100,11
Whse_J,Product_0800,1249,16
Whse_J,Product_0801,334,12
Whse_J,Product_0802,3009,16
Whse_J,Product_0803,721,27
Whse_J,Product_0804,1303,71
Whse_J,Product_0805,139,15
Whse_J,Product_0806,1366,16
Whse_J,Product_0807,7249,35
Whse_J,Product_0808,1477,105
Whse_J,Product_0810,2913,99
Whse_J,Product_0811,2934,14
Whse_J,Product_0812,470,11
Whse_J,Product_0813,204,9
Whse_J,Product_0814,1329,16
Whse_J,Product_0815,763,29
Whse_J,Product_0816,408,20
Whse_J,Product_0817,1040,14
Whse_J,Product_0818,3642,15
Whse_J,Product_0819,3681,19
Whse_J,Product_0820,910,8
Whse_J,Product_0821,242,21
Whse_J,Product_0822,419,29
Whse_J,Product_0823,360,24
Whse_J,Product_0826,2593,45
Whse_J,Product_0827,872,34
Whse_J,Product_0828,1203,37
Whse_J,Product_0829,249759,246118
Whse_J,Product_0830,4926,1207
Whse_J,Product_0831,21779,18904
Whse_J,Product_0832,9870,9845
Whse_J,Product_0833,2684,1829
Whse_J,Product_0834,5223,759
Whse_J,Product_0835,7043,3475
Whse_J,Product_0836,3598,1934
Whse_J,Product_0837,45750,44170
Whse_J,Product_0838,6804,2958
Whse_J,Product_0839,1638,217
Whse_J,Product_0840,1817,185
Whse_J,Product_0841,2137,1570
Whse_J,Product_0842,1095,82
Whse_J,Product_0843,2805,135
Whse_J,Product_0844,1773,208
Whse_J,Product_0845,5033,3527
Whse_J,Product_0846,4922,82
Whse_J,Product_0847,206,47
Whse_J,Product_0848,3035,94
Whse_J,Product_0853,5439,70
Whse_J,Product_0860,720,21
Whse_J,Product_0861,6843,17
Whse_J,Product_0862,2083,10
Whse_J,Product_0864,1010,2
Whse_J,Product_0865,3949,7
Whse_J,Product_0866,957,8
Whse_J,Product_0867,3307,7
Whse_J,Product_0868,1542,74
Whse_J,Product_0900,3339,236
Whse_J,Product_0901,1713,321
Whse_J,Product_0903,5314,222
Whse_J,Product_0904,1350,278
Whse_J,Product_0905,1271,1029
Whse_J,Product_0907,8800,208
Whse_J,Product_0908,722,412
Whse_J,Product_0928,14501,14325
Whse_J,Product_0929,11692,7655
Whse_J,Product_0930,24801,22771
Whse_J,Product_0931,23275,22079
Whse_J,Product_0932,11191,9462
Whse_J,Product_0933,46580,40879
Whse_J,Product_0934,5175,4282
Whse_J,Product_0935,14816,12368
Whse_J,Product_0936,44613,35532
Whse_J,Product_0937,7802,7724
Whse_J,Product_0939,4852,394
Whse_J,Product_0940,3564,1031
Whse_J,Product_0941,9996,7569
Whse_J,Product_0942,3468,2475
Whse_J,Product_0943,17278,16401
Whse_J,Product_0947,437,7
Whse_J,Product_0950,3568,1499
Whse_J,Product_0952,7141,2089
Whse_J,Product_0953,2567,955
Whse_J,Product_0954,1372,8
Whse_J,Product_0955,298,17
Whse_J,Product_0956,5665,9
Whse_J,Product_0957,1121,384
Whse_J,Product_0959,3153,3
Whse_J,Product_0960,193,5
Whse_J,Product_0961,2796,1103
Whse_J,Product_0962,29796,27723
Whse_J,Product_0963,863,758
Whse_J,Product_0964,10772,2170
Whse_J,Product_0968,1980,535
Whse_J,Product_0969,1454,386
Whse_J,Product_0970,1510,172
Whse_J,Product_0971,4327,798
Whse_J,Product_0972,2326,225
Whse_J,Product_0973,2394,1801
Whse_J,Product_0974,4759,3765
Whse_J,Product_0975,14500,10758
Whse_J,Product_0976,1585,1537
Whse_J,Product_0978,4654,1056
Whse_J,Product_0979,4120,2295
Whse_J,Product_0980,17247,15241
Whse_J,Product_0981,6929,5418
Whse_J,Product_0982,22255,21592
Whse_J,Product_0983,2399,822
Whse_J,Product_0984,7176,2842
Whse_J,Product_0986,3627,2874
Whse_J,Product_0987,5235,2272
Whse_J,Product_0988,14434,969
Whse_J,Product_0989,4571,838
Whse_J,Product_0991,5459,2954
Whse_J,Product_0992,18332,12764
Whse_J,Product_0993,854,823
Whse_J,Product_0994,1795,976
Whse_J,Product_0995,2470,1345
Whse_J,Product_0998,14714,14032
Whse_J,Product_1000,10892,9431
Whse_J,Product_1001,14400,11082
Whse_J,Product_1009,5850,2246
Whse_J,Product_1011,1123,991
Whse_J,Product_1012,611,539
Whse_J,Product_1013,31045,23613
Whse_J,Product_1014,2449,1442
Whse_J,Product_1015,3855,1390
Whse_J,Product_1016,35868,34622
Whse_J,Product_1017,4463,1250
Whse_J,Product_1018,65782,65096
Whse_J,Product_1019,1932,58
Whse_J,Product_1020,1066,51
Whse_J,Product_1021,12568,3367
Whse_J,Product_1022,4539,2184
Whse_J,Product_1023,4736,4178
Whse_J,Product_1024,425,15
Whse_J,Product_1025,7770,25
Whse_J,Product_1026,3146,1819
Whse_J,Product_1028,7435,2983
Whse_J,Product_1029,3901,1579
Whse_J,Product_1030,3601,2513
Whse_J,Product_1031,14721,1700
Whse_J,Product_1032,1076,738
Whse_J,Product_1033,688,581
Whse_J,Product_1034,3287,1706
Whse_J,Product_1035,1266,219
Whse_J,Product_1036,2065,2039
Whse_J,Product_1037,7943,225
Whse_J,Product_1038,4296,321
Whse_J,Product_1039,2073,604
Whse_J,Product_1040,3050,611
Whse_J,Product_1041,2687,369
Whse_J,Product_1042,1414,726
Whse_J,Product_1043,1205,395
Whse_J,Product_1044,12028,299
Whse_J,Product_1045,1760,963
Whse_J,Product_1046,2635,260
Whse_J,Product_1047,112555,109341
Whse_J,Product_1048,211652,206142
Whse_J,Product_1049,1392,297
Whse_J,Product_1050,2750,158
Whse_J,Product_1051,6206,371
Whse_J,Product_1052,2070,355
Whse_J,Product_1055,1122,193
Whse_J,Product_1056,2314,122
Whse_J,Product_1057,6699,240
Whse_J,Product_1058,2942,142
Whse_J,Product_1059,2488,234
Whse_J,Product_1060,385,199
Whse_J,Product_1061,3389,56
Whse_J,Product_1062,691,61
Whse_J,Product_1063,5969,20
Whse_J,Product_1091,1399,70
Whse_J,Product_1093,1428,84
Whse_J,Product_1094,73,49
Whse_J,Product_1096,1559,23
Whse_J,Product_1097,3015,111
Whse_J,Product_1098,7564,21
Whse_J,Product_1099,1858,13
Whse_J,Product_1100,1116,3
Whse_J,Product_1104,3797,3380
Whse_J,Product_1105,2706,928
Whse_J,Product_1106,4621,3072
Whse_J,Product_1107,7206,1256
Whse_J,Product_1110,29945,12
Whse_J,Product_1111,22,4
Whse_J,Product_1112,689,16
Whse_J,Product_1113,2177,14
Whse_J,Product_1114,4700,296
Whse_J,Product_1115,402,361
Whse_J,Product_1116,11389,22
Whse_J,Product_1117,57,27
Whse_J,Product_1118,1116,31
Whse_J,Product_1119,2744,16
Whse_J,Product_1120,9993,118
Whse_J,Product_1121,4040,53
Whse_J,Product_1122,1134,70
Whse_J,Product_1123,7383,84
Whse_J,Product_1124,65,65
Whse_J,Product_1125,1629,363
Whse_J,Product_1126,9822,859
Whse_J,Product_1134,26908,24010
Whse_J,Product_1135,44505,42262
Whse_J,Product_1136,3125,237
Whse_J,Product_1137,2481,245
Whse_J,Product_1138,4839,170
Whse_J,Product_1139,4391,172
Whse_J,Product_1140,24656,476
Whse_J,Product_1141,1637,125
Whse_J,Product_1142,5362,454
Whse_J,Product_1143,456,307
Whse_J,Product_1144,14613,9
Whse_J,Product_1145,5204,16
Whse_J,Product_1146,3466,6
Whse_J,Product_1147,55464,54996
Whse_J,Product_1148,26849,24332
Whse_J,Product_1149,68109,65605
Whse_J,Product_1150,89558,82306
Whse_J,Product_1151,85114,84358
Whse_J,Product_1152,658388,654424
Whse_J,Product_1153,187483,185026
Whse_J,Product_1154,16718,12598
Whse_J,Product_1155,51738,50183
Whse_J,Product_1156,99065,95110
Whse_J,Product_1157,78804,73185
Whse_J,Product_1158,93596,89996
Whse_J,Product_1159,141333,138676
Whse_J,Product_1160,7990,6877
Whse_J,Product_1161,21221,15650
Whse_J,Product_1162,144379,139891
Whse_J,Product_1163,76887,76161
Whse_J,Product_1164,60769,59637
Whse_J,Product_1165,62234,62210
Whse_J,Product_1167,73873,73494
Whse_J,Product_1168,6839,3
Whse_J,Product_1169,460,6
Whse_J,Product_1173,40932,36100
Whse_J,Product_1174,7862,26
Whse_J,Product_1175,181,115
Whse_J,Product_1176,3428,87
Whse_J,Product_1177,7043,159
Whse_J,Product_1181,1718,20
Whse_J,Product_1186,1617,249
Whse_J,Product_1187,2512,430
Whse_J,Product_1188,5298,2015
Whse_J,Product_1189,1591,1227
Whse_J,Product_1191,17373,2308
Whse_J,Product_1192,5485,1117
Whse_J,Product_1193,5862,2945
Whse_J,Product_1194,4907,1006
Whse_J,Product_1195,36385,29298
Whse_J,Product_1196,5197,1811
Whse_J,Product_1197,2467,1123
Whse_J,Product_1198,33255,18550
Whse_J,Product_1199,32245,25860
Whse_J,Product_1200,4890,2371
Whse_J,Product_1201,5079,1088
Whse_J,Product_1202,685,424
Whse_J,Product_1203,3725,1623
Whse_J,Product_1204,7196,4568
Whse_J,Product_1205,14399,508
Whse_J,Product_1206,8334,829
Whse_J,Product_1207,6874,2036
Whse_J,Product_1208,2950,28
Whse_J,Product_1209,6639,2428
Whse_J,Product_1210,35469,32049
Whse_J,Product_1211,27250,22677
Whse_J,Product_1212,2974,1682
Whse_J,Product_1213,4638,2253
Whse_J,Product_1214,5012,1749
Whse_J,Product_1215,59378,57090
Whse_J,Product_1216,37271,32207
Whse_J,Product_1217,52100,50081
Whse_J,Product_1218,11410,4657
Whse_J,Product_1219,6348,5948
Whse_J,Product_1220,37327,35253
Whse_J,Product_1221,69633,65416
Whse_J,Product_1222,8631,6583
Whse_J,Product_1223,6996,1432
Whse_J,Product_1224,15526,14662
Whse_J,Product_1225,6295,5882
Whse_J,Product_1226,5171,1360
Whse_J,Product_1227,5393,4432
Whse_J,Product_1228,21813,8525
Whse_J,Product_1229,4488,1900
Whse_J,Product_1230,4843,1269
Whse_J,Product_1231,3372,1608
Whse_J,Product_1232,15315,12736
Whse_J,Product_1233,78269,75868
Whse_J,Product_1234,96615,93554
Whse_J,Product_1236,9838,8182
Whse_J,Product_1239,21907,7187
Whse_J,Product_1240,10592,4202
Whse_J,Product_1241,103323,102810
Whse_J,Product_1242,52846,50360
Whse_J,Product_1243,14206,13593
Whse_J,Product_1244,16314,14994
Whse_J,Product_1246,39953,33875
Whse_J,Product_1247,14234,9860
Whse_J,Product_1248,68823,68648
Whse_J,Product_1250,24737,18903
Whse_J,Product_1251,3924,882
Whse_J,Product_1252,1791,608
Whse_J,Product_1253,29345,26466
Whse_J,Product_1254,1388,1344
Whse_J,Product_1255,4569,1315
Whse_J,Product_1256,29517,27172
Whse_J,Product_1257,1137,1123
Whse_J,Product_1258,6250,787
Whse_J,Product_1259,5063,1992
Whse_J,Product_1260,9282,904
Whse_J,Product_1261,3823,1314
Whse_J,Product_1262,19096,10799
Whse_J,Product_1264,82636,74643
Whse_J,Product_1265,9482,3025
Whse_J,Product_1266,14453,12458
Whse_J,Product_1267,59072,56723
Whse_J,Product_1268,38541,38498
Whse_J,Product_1269,41742,40589
Whse_J,Product_1270,56421,49267
Whse_J,Product_1271,5654,5099
Whse_J,Product_1272,20416,17265
Whse_J,Product_1273,42584,42218
Whse_J,Product_1274,58651,52646
Whse_J,Product_1275,4012,1423
Whse_J,Product_1276,17197,3767
Whse_J,Product_1277,2427,305
Whse_J,Product_1278,76364,73547
Whse_J,Product_1279,24992,22548
Whse_J,Product_1280,19411,17702
Whse_J,Product_1281,52378,49681
Whse_J,Product_1282,125809,123190
Whse_J,Product_1283,4397,1649
Whse_J,Product_1284,10860,10125
Whse_J,Product_1285,96240,7831
Whse_J,Product_1286,71969,70844
Whse_J,Product_1287,82440,82297
Whse_J,Product_1288,47062,36301
Whse_J,Product_1289,18349,3312
Whse_J,Product_1290,71748,66921
Whse_J,Product_1292,801,562
Whse_J,Product_1294,59128,45890
Whse_J,Product_1295,34009,28869
Whse_J,Product_1296,6564,1044
Whse_J,Product_1297,7995,2808
Whse_J,Product_1300,5612,753
Whse_J,Product_1301,11947,815
Whse_J,Product_1302,2721,2067
Whse_J,Product_1303,7150,3466
Whse_J,Product_1304,15911,14083
Whse_J,Product_1305,8658,1365
Whse_J,Product_1306,7449,4331
Whse_J,Product_1307,31544,1324
Whse_J,Product_1308,7022,1320
Whse_J,Product_1309,11679,5383
Whse_J,Product_1310,3860,772
Whse_J,Product_1311,3639,652
Whse_J,Product_1312,22308,10360
Whse_J,Product_1313,2935,1672
Whse_J,Product_1314,4627,2468
Whse_J,Product_1315,30094,21748
Whse_J,Product_1316,14043,13980
Whse_J,Product_1317,15908,105
Whse_J,Product_1318,8119,221
Whse_J,Product_1319,1286,375
Whse_J,Product_1320,2856,377
Whse_J,Product_1321,13851,307
Whse_J,Product_1322,12499,131
Whse_J,Product_1323,7218,801
Whse_J,Product_1324,6833,362
Whse_J,Product_1325,6510,239
Whse_J,Product_1326,5025,489
Whse_J,Product_1327,3669,500
Whse_J,Product_1328,15263,415
Whse_J,Product_1329,3267,249
Whse_J,Product_1330,564,288
Whse_J,Product_1331,4480,249
Whse_J,Product_1332,2786,263
Whse_J,Product_1333,6573,217
Whse_J,Product_1334,1980,425
Whse_J,Product_1335,4435,274
Whse_J,Product_1336,3729,238
Whse_J,Product_1337,20032,629
Whse_J,Product_1338,5668,515
Whse_J,Product_1339,12053,115
Whse_J,Product_1340,9218,355
Whse_J,Product_1344,20588,5001
Whse_J,Product_1345,13137,10753
Whse_J,Product_1346,11639,6428
Whse_J,Product_1347,47396,43912
Whse_J,Product_1348,66387,61220
Whse_J,Product_1349,14765,14578
Whse_J,Product_1350,42266,22368
Whse_J,Product_1351,14414,10615
Whse_J,Product_1352,13450,6768
Whse_J,Product_1354,51469,47648
Whse_J,Product_1355,65329,57296
Whse_J,Product_1356,19062,11277
Whse_J,Product_1357,29451,21617
Whse_J,Product_1359,124187,123363
Whse_J,Product_1360,76554,69035
Whse_J,Product_1361,159077,154646
Whse_J,Product_1362,27413,20338
Whse_J,Product_1363,62828,33250
Whse_J,Product_1364,30561,2139
Whse_J,Product_1365,18304,538
Whse_J,Product_1367,10974,2180
Whse_J,Product_1368,7815,3482
Whse_J,Product_1369,21764,13516
Whse_J,Product_1370,15114,5528
Whse_J,Product_1371,13249,7464
Whse_J,Product_1372,23527,11575
Whse_J,Product_1373,4803,4108
Whse_J,Product_1374,22578,12932
Whse_J,Product_1375,74095,73578
Whse_J,Product_1376,47826,25127
Whse_J,Product_1377,44208,37791
Whse_J,Product_1378,32415,25629
Whse_J,Product_1379,13947,3965
Whse_J,Product_1380,16224,9811
Whse_J,Product_1381,41372,23719
Whse_J,Product_1382,38940,33339
Whse_J,Product_1383,12479,5012
Whse_J,Product_1385,11699,7958
Whse_J,Product_1386,10759,2512
Whse_J,Product_1387,11449,8876
Whse_J,Product_1388,15844,10969
Whse_J,Product_1389,11459,987
Whse_J,Product_1390,9331,1726
Whse_J,Product_1391,7995,3832
Whse_J,Product_1392,17748,3791
Whse_J,Product_1393,47910,42916
Whse_J,Product_1394,114036,105563
Whse_J,Product_1396,117556,104497
Whse_J,Product_1397,48224,22908
Whse_J,Product_1398,34210,19413
Whse_J,Product_1399,60962,56448
Whse_J,Product_1400,24667,24285
Whse_J,Product_1401,9270,6013
Whse_J,Product_1402,21103,9947
Whse_J,Product_1403,61397,50120
Whse_J,Product_1404,26492,22584
Whse_J,Product_1406,21943,10752
Whse_J,Product_1407,59986,48222
Whse_J,Product_1408,20130,17459
Whse_J,Product_1410,21181,15081
Whse_J,Product_1411,7498,642
Whse_J,Product_1412,10159,1247
Whse_J,Product_1413,4531,1067
Whse_J,Product_1414,19480,5324
Whse_J,Product_1415,4317,2421
Whse_J,Product_1416,17328,2552
Whse_J,Product_1417,8256,2777
Whse_J,Product_1418,37413,12311
Whse_J,Product_1419,5015,2322
Whse_J,Product_1420,11428,4854
Whse_J,Product_1423,5814,3934
Whse_J,Product_1424,14486,5205
Whse_J,Product_1425,23791,818
Whse_J,Product_1426,1487,882
Whse_J,Product_1427,4184,2863
Whse_J,Product_1428,2268,1493
Whse_J,Product_1429,9273,3828
Whse_J,Product_1430,30055,17834
Whse_J,Product_1432,93478,83830
Whse_J,Product_1435,39497,35512
Whse_J,Product_1436,7755,7210
Whse_J,Product_1437,16464,16404
Whse_J,Product_1438,32389,19139
Whse_J,Product_1439,19124,13582
Whse_J,Product_1440,16828,5831
Whse_J,Product_1446,9130,3793
Whse_J,Product_1447,6255,5926
Whse_J,Product_1449,9251,5773
Whse_J,Product_1450,39696,35571
Whse_J,Product_1451,62044,60471
Whse_J,Product_1452,26459,14052
Whse_J,Product_1453,42316,38161
Whse_J,Product_1454,11775,2006
Whse_J,Product_1455,51280,4273
Whse_J,Product_1456,19705,4868
Whse_J,Product_1457,81341,946
Whse_J,Product_1458,9653,6972
Whse_J,Product_1459,14323,7162
Whse_J,Product_1460,28227,28072
Whse_J,Product_1461,58737,11293
Whse_J,Product_1462,1774,1041
Whse_J,Product_1463,7268,3851
Whse_J,Product_1464,4774,1764
Whse_J,Product_1465,33067,30372
Whse_J,Product_1466,24135,16080
Whse_J,Product_1467,28836,17030
Whse_J,Product_1468,18041,8712
Whse_J,Product_1469,8147,5378
Whse_J,Product_1470,32700,26529
Whse_J,Product_1471,16422,2650
Whse_J,Product_1472,9099,3192
Whse_J,Product_1473,7144,1805
Whse_J,Product_1474,21147,9012
Whse_J,Product_1475,11898,1752
Whse_J,Product_1477,18536,2128
Whse_J,Product_1478,84738,5828
Whse_J,Product_1479,25354,14018
Whse_J,Product_1480,177427,167994
Whse_J,Product_1481,15734,5517
Whse_J,Product_1482,29982,9208
Whse_J,Product_1483,58133,42737
Whse_J,Product_1484,21343,14157
Whse_J,Product_1486,81495,72657
Whse_J,Product_1487,16676,13132
Whse_J,Product_1489,50280,47656
Whse_J,Product_1490,10908,2269
Whse_J,Product_1491,24039,532
Whse_J,Product_1492,12591,2138
Whse_J,Product_1493,18574,6519
Whse_J,Product_1494,16785,7270
Whse_J,Product_1495,1206,1146
Whse_J,Product_1496,23415,23338
Whse_J,Product_1497,3335,545
Whse_J,Product_1498,648,423
Whse_J,Product_1499,5558,1308
Whse_J,Product_1500,19564,2375
Whse_J,Product_1501,7208,5572
Whse_J,Product_1502,172827,165435
Whse_J,Product_1504,8709,3257
Whse_J,Product_1505,18611,12280
Whse_J,Product_1506,33554,1278
Whse_J,Product_1507,18426,14896
Whse_J,Product_1508,21791,13040
Whse_J,Product_1509,5607,2334
Whse_J,Product_1511,42386,23355
Whse_J,Product_1512,15698,7585
Whse_J,Product_1513,13289,9621
Whse_J,Product_1514,19175,7023
Whse_J,Product_1515,16485,9257
Whse_J,Product_1516,8629,6344
Whse_J,Product_1517,9323,913
Whse_J,Product_1518,24566,3220
Whse_J,Product_1519,12834,8144
Whse_J,Product_1520,28584,24455
Whse_J,Product_1521,53017,40759
Whse_J,Product_1522,17115,10110
Whse_J,Product_1523,30304,13901
Whse_J,Product_1524,59013,36157
Whse_J,Product_1526,77033,72541
Whse_J,Product_1527,8526,7326
Whse_J,Product_1529,11815,336
Whse_J,Product_1530,11207,378
Whse_J,Product_1531,8718,1795
Whse_J,Product_1532,3415,1330
Whse_J,Product_1533,23721,10511
Whse_J,Product_1534,71422,4400
Whse_J,Product_1535,31215,1841
Whse_J,Product_1536,11026,3064
Whse_J,Product_1537,3610,3405
Whse_J,Product_1538,19195,3524
Whse_J,Product_1539,16104,2370
Whse_J,Product_1540,8777,1875
Whse_J,Product_1541,6795,2631
Whse_J,Product_1542,19247,12519
Whse_J,Product_1543,58547,10283
Whse_J,Product_1544,31894,1195
Whse_J,Product_1546,17243,4842
Whse_J,Product_1547,20420,11269
Whse_J,Product_1550,5275,773
Whse_J,Product_1551,12495,1369
Whse_J,Product_1552,57139,20804
Whse_J,Product_1554,75182,25958
Whse_J,Product_1555,24629,22644
Whse_J,Product_1556,49735,47353
Whse_J,Product_1557,49281,3906
Whse_J,Product_1559,16300,584
Whse_J,Product_1561,45141,5672
Whse_J,Product_1562,8114,1297
Whse_J,Product_1564,34300,12889
Whse_J,Product_1565,6646,456
Whse_J,Product_1566,16606,2
Whse_J,Product_1569,17074,1312
Whse_J,Product_1570,77550,65457
Whse_J,Product_1572,67900,36218
Whse_J,Product_1575,32344,1670
Whse_J,Product_1576,6835,6473
Whse_J,Product_1578,56680,53933
Whse_J,Product_1579,27968,2709
Whse_J,Product_1580,11621,3322
Whse_J,Product_1581,42899,35992
Whse_J,Product_1582,27042,22172
Whse_J,Product_1583,22419,465
Whse_J,Product_1611,49240,461
Whse_J,Product_1612,9553,5589
Whse_J,Product_1613,15742,1064
Whse_J,Product_1614,5994,33
Whse_J,Product_1615,15382,7
Whse_J,Product_1620,66028,6
Whse_J,Product_1621,26496,3286
Whse_J,Product_1622,9148,1166
Whse_J,Product_1623,26871,4238
Whse_J,Product_1624,258028,257350
Whse_J,Product_1625,18180,6082
Whse_J,Product_1626,6925,2725
Whse_J,Product_1627,9766,799
Whse_J,Product_1628,11729,8027
Whse_J,Product_1629,8132,5183
Whse_J,Product_1630,50698,2464
Whse_J,Product_1632,10814,2805
Whse_J,Product_1633,14573,10890
Whse_J,Product_1634,11285,9256
Whse_J,Product_1635,26364,5952
Whse_J,Product_1636,26190,4399
Whse_J,Product_1637,30904,22871
Whse_J,Product_1638,19913,871
Whse_J,Product_1639,40844,994
Whse_J,Product_1640,27138,493
Whse_J,Product_1641,32801,15528
Whse_J,Product_1642,17375,854
Whse_J,Product_1643,28937,23910
Whse_J,Product_1648,26044,8288
Whse_J,Product_1649,13111,3690
Whse_J,Product_1650,14170,3772
Whse_J,Product_1651,23449,8493
Whse_J,Product_1652,35183,32152
Whse_J,Product_1653,11349,3571
Whse_J,Product_1656,9717,45
Whse_J,Product_1657,17777,56
Whse_J,Product_1658,3540,74
Whse_J,Product_1659,14156,47
Whse_J,Product_1660,34012,16
Whse_J,Product_1661,8332,98
Whse_J,Product_1662,22680,6
Whse_J,Product_1663,15234,14
Whse_J,Product_1664,8324,31
Whse_J,Product_1665,5651,6
Whse_J,Product_1666,7410,20
Whse_J,Product_1667,7031,9
Whse_J,Product_1668,5399,7
Whse_J,Product_1669,5386,115
Whse_J,Product_1670,20406,56
Whse_J,Product_1671,3923,46
Whse_J,Product_1672,6263,127
Whse_J,Product_1673,171442,9
Whse_J,Product_1674,1782,10
Whse_J,Product_1675,8973,48
Whse_J,Product_1676,11126,60
Whse_J,Product_1677,29365,14
Whse_J,Product_1678,6449,52
Whse_J,Product_1679,5644,12
Whse_J,Product_1680,4945,18
Whse_J,Product_1681,16138,9
Whse_J,Product_1682,21956,16
Whse_J,Product_1683,5229,19
Whse_J,Product_1684,7898,32
Whse_J,Product_1685,5210,5
Whse_J,Product_1686,28310,34
Whse_J,Product_1687,14071,18
Whse_J,Product_1688,20738,33
Whse_J,Product_1689,29203,11
Whse_J,Product_1690,2072,7
Whse_J,Product_1691,2128,43
Whse_J,Product_1692,41,11
Whse_J,Product_1693,18655,22
Whse_J,Product_1694,7890,13
Whse_J,Product_1695,5836,5
Whse_J,Product_1696,9639,13
Whse_J,Product_1697,10492,7
Whse_J,Product_1699,8204,12
Whse_J,Product_1700,16821,109
Whse_J,Product_1701,12890,11
Whse_J,Product_1702,22034,7
Whse_J,Product_1704,30921,17
Whse_J,Product_1705,234,59
Whse_J,Product_1708,48324,9
Whse_J,Product_1709,10846,24
Whse_J,Product_1710,1505,31
Whse_J,Product_1711,19426,17
Whse_J,Product_1712,11078,22
Whse_J,Product_1713,25713,20
Whse_J,Product_1714,11812,24
Whse_J,Product_1715,27793,31
Whse_J,Product_1716,2268,128
Whse_J,Product_1717,5495,58
Whse_J,Product_1718,7087,168
Whse_J,Product_1719,4493,183
Whse_J,Product_1720,21799,14
Whse_J,Product_1721,11448,132
Whse_J,Product_1722,2093,25
Whse_J,Product_1723,385,126
Whse_J,Product_1729,27826,1702
Whse_J,Product_1730,22678,2043
Whse_J,Product_1731,7482,853
Whse_J,Product_1732,18692,2790
Whse_J,Product_1749,59097,8
Whse_J,Product_1750,12124,17
Whse_J,Product_1752,33004,19
Whse_J,Product_1753,4060,12
Whse_J,Product_1754,23029,11
Whse_J,Product_1755,3771,19
Whse_J,Product_1756,5,5
Whse_J,Product_1757,13542,11
Whse_J,Product_1758,15907,7
Whse_J,Product_1759,7725,6
Whse_J,Product_1760,20684,4
Whse_J,Product_1761,10024,4
Whse_J,Product_1762,5650,7
Whse_J,Product_1763,12276,7
Whse_J,Product_1764,4806,36
Whse_J,Product_1765,8137,2975
Whse_J,Product_1766,44539,32074
Whse_J,Product_1767,7307,11
Whse_J,Product_1768,64089,8
Whse_J,Product_1769,2278,16
Whse_J,Product_1770,20144,6
Whse_J,Product_1771,22258,6
Whse_J,Product_1774,22805,25
Whse_J,Product_1776,18961,57
Whse_J,Product_1777,158,45
Whse_J,Product_1779,239,111
Whse_J,Product_1780,41714,9131
Whse_J,Product_1781,4887,32
Whse_J,Product_1782,14790,8612
Whse_J,Product_1783,21045,25
Whse_J,Product_1784,52987,7652
Whse_J,Product_1785,109766,7514
Whse_J,Product_1786,12117,23
Whse_J,Product_1787,208987,27885
Whse_J,Product_1788,46344,16293
Whse_J,Product_1789,65630,19142
Whse_J,Product_1790,20915,4816
Whse_J,Product_1791,10336,2359
Whse_J,Product_1792,12345,14
Whse_J,Product_1795,8007,1356
Whse_J,Product_1796,18791,917
Whse_J,Product_1797,62775,345
Whse_J,Product_1798,7168,289
Whse_J,Product_1801,2622,30
Whse_J,Product_1802,8552,19
Whse_J,Product_1803,60718,8
Whse_J,Product_1804,7564,21
Whse_J,Product_1805,16200,10
Whse_J,Product_1806,4500,11
Whse_J,Product_1807,20581,14
Whse_J,Product_1809,16902,278
Whse_J,Product_1810,52846,9952
Whse_J,Product_1812,182627,148931
Whse_J,Product_1813,256944,27733
Whse_J,Product_1815,1785,20
Whse_J,Product_1816,11467,15
Whse_J,Product_1817,100515,89467
Whse_J,Product_1818,242037,99993
Whse_J,Product_1819,40351,15408
Whse_J,Product_1820,31301,18857
Whse_J,Product_1821,48732,32029
Whse_J,Product_1822,51685,36
Whse_J,Product_1823,90784,67638
Whse_J,Product_1824,64104,62696
Whse_J,Product_1825,52702,45481
Whse_J,Product_1826,57957,8341
Whse_J,Product_1827,12501,3367
Whse_J,Product_1829,62523,19210
Whse_J,Product_1830,25036,7938
Whse_J,Product_1831,14193,9026
Whse_J,Product_1832,26432,21737
Whse_J,Product_1833,41828,27502
Whse_J,Product_1834,20327,9
Whse_J,Product_1836,10583,23
Whse_J,Product_1838,36500,23079
Whse_J,Product_1839,36564,21969
Whse_J,Product_1840,18144,2091
Whse_J,Product_1841,30945,27537
Whse_J,Product_1842,24280,17383
Whse_J,Product_1843,13202,5187
Whse_J,Product_1846,30512,18694
Whse_J,Product_1847,37161,1205
Whse_J,Product_1848,24691,4432
Whse_J,Product_1850,29801,47
Whse_J,Product_1851,33546,11
Whse_J,Product_1852,32506,10
Whse_J,Product_1853,25483,24
Whse_J,Product_1854,76491,3
Whse_J,Product_1855,8960,16
Whse_J,Product_1856,49383,5
Whse_J,Product_1857,13633,5
Whse_J,Product_1858,7584,10
Whse_J,Product_1859,31120,10
Whse_J,Product_1860,48520,7
Whse_J,Product_1861,26246,4
Whse_J,Product_1862,43366,15
Whse_J,Product_1863,17168,5
Whse_J,Product_1864,6113,6
Whse_J,Product_1865,14950,7
Whse_J,Product_1866,18555,9
Whse_J,Product_1867,7282,9
Whse_J,Product_1868,20961,10
Whse_J,Product_1869,2831,11
Whse_J,Product_1870,3039,11
Whse_J,Product_1871,14882,33
Whse_J,Product_1872,2672,10
Whse_J,Product_1873,9015,5
Whse_J,Product_1874,4583,7
Whse_J,Product_1875,61149,24
Whse_J,Product_1876,83559,25
Whse_J,Product_1877,7958,12
Whse_J,Product_1878,37903,2216
Whse_J,Product_1879,38857,1441
Whse_J,Product_1880,25007,688
Whse_J,Product_1881,48146,14
Whse_J,Product_1882,37190,11
Whse_J,Product_1883,20814,16
Whse_J,Product_1884,43557,1247
Whse_J,Product_1885,23826,23025
Whse_J,Product_1886,54810,17486
Whse_J,Product_1887,6927,423
Whse_J,Product_1888,58412,2288
Whse_J,Product_1889,38463,762
Whse_J,Product_1890,26593,420
Whse_J,Product_1891,4028,70
Whse_J,Product_1892,17874,45
Whse_J,Product_1893,5431,41
Whse_J,Product_1894,14498,14
Whse_J,Product_1895,12445,20
Whse_J,Product_1896,3059,205
Whse_J,Product_1897,64632,84
Whse_J,Product_1898,19087,26
Whse_J,Product_1899,35573,4269
Whse_J,Product_1900,10625,8948
Whse_J,Product_1901,27538,10200
Whse_J,Product_1903,21923,2753
Whse_J,Product_1904,187778,98819
Whse_J,Product_1905,39897,11927
Whse_J,Product_1906,28260,10308
Whse_J,Product_1907,11266,354
Whse_J,Product_1908,80580,9
Whse_J,Product_1909,462,11
Whse_J,Product_1910,16345,190
Whse_J,Product_1916,13432,66
Whse_J,Product_1917,16820,30
Whse_J,Product_1919,19252,6
Whse_J,Product_1920,7964,8
Whse_J,Product_1921,7586,4
Whse_J,Product_1922,14269,5
Whse_J,Product_1923,48561,9
Whse_J,Product_1924,16070,6
Whse_J,Product_1926,55215,12
Whse_J,Product_1927,27887,6
Whse_J,Product_1928,19004,10
Whse_J,Product_1929,560437,8
Whse_J,Product_1930,16824,7
Whse_J,Product_1931,16563,3
Whse_J,Product_1932,2786,2
Whse_J,Product_1933,6320,4
Whse_J,Product_1934,1692,3
Whse_J,Product_1936,4494,5
Whse_J,Product_1937,2905,9
Whse_J,Product_1938,20815,16
Whse_J,Product_1939,40193,10
Whse_J,Product_1940,1999,6
Whse_J,Product_1941,1065,5
Whse_J,Product_1942,3161,13
Whse_J,Product_1943,24155,9
Whse_J,Product_1944,29414,9
Whse_J,Product_1945,19166,9
Whse_J,Product_1946,2208,9
Whse_J,Product_1947,23878,10
Whse_J,Product_1948,25009,3
Whse_J,Product_1949,31286,4
Whse_J,Product_1950,13489,4
Whse_J,Product_1951,16994,3
Whse_J,Product_1952,4491,9
Whse_J,Product_1953,38531,4
Whse_J,Product_1954,29955,18
Whse_J,Product_1955,18894,16
Whse_J,Product_1956,23868,12
Whse_J,Product_1961,35794,14
Whse_J,Product_1962,20653,7
Whse_J,Product_1963,75413,3
Whse_J,Product_1964,8143,13
Whse_J,Product_1965,7604,4
Whse_J,Product_1966,13926,795
Whse_J,Product_1967,100999,11457
Whse_J,Product_1968,19706,4849
Whse_J,Product_1969,194918,5146
Whse_J,Product_1970,52179,14132
Whse_J,Product_1971,39450,10479
Whse_J,Product_1972,44819,3798
Whse_J,Product_1973,19346,4278
Whse_J,Product_1974,36728,2
Whse_J,Product_1975,36428,4
Whse_J,Product_1977,47354,7693
Whse_J,Product_1978,12508,754
Whse_J,Product_1979,30184,1385
Whse_J,Product_1981,16759,4403
Whse_J,Product_1982,32471,614
Whse_J,Product_1984,53847,764
Whse_J,Product_1985,12754,910
Whse_J,Product_1986,90898,1352
Whse_J,Product_1987,158392,1430
Whse_J,Product_1988,52068,16398
Whse_J,Product_1990,93160,6703
Whse_J,Product_1991,45889,3516
Whse_J,Product_1992,14468,1778
Whse_J,Product_1993,7372,584
Whse_J,Product_1994,3506,2341
Whse_J,Product_1995,16122,1393
Whse_J,Product_1996,10411,899
Whse_J,Product_1997,15463,13174
Whse_J,Product_1998,30669,2091
Whse_J,Product_1999,54542,8657
Whse_J,Product_2000,31779,1434
Whse_J,Product_2001,14378,3611
Whse_J,Product_2002,224228,1763
Whse_J,Product_2003,38354,2462
Whse_J,Product_2004,220352,6029
Whse_J,Product_2005,14425,2126
Whse_J,Product_2006,3550,3461
Whse_J,Product_2007,12951,1616
Whse_J,Product_2008,20367,2125
Whse_J,Product_2010,29545,1944
Whse_J,Product_2011,28356,6282
Whse_J,Product_2012,7966,796
Whse_J,Product_2013,56151,886
Whse_J,Product_2014,10673,1782
Whse_J,Product_2015,51239,18065
Whse_J,Product_2016,26028,4383
Whse_J,Product_2017,25566,4012
Whse_J,Product_2018,273746,326
Whse_J,Product_2019,30178,3152
Whse_J,Product_2020,12076,355
Whse_J,Product_2021,27646,2617
Whse_J,Product_2023,29782,433
Whse_J,Product_2024,10319,312
Whse_J,Product_2025,183547,1061
Whse_J,Product_2026,38524,633
Whse_J,Product_2027,232384,1796
Whse_J,Product_2028,10076,1606
Whse_J,Product_2029,18797,2122
Whse_J,Product_2030,19542,664
Whse_J,Product_2031,4138,3037
Whse_J,Product_2032,191589,94011
Whse_J,Product_2033,48275,30326
Whse_J,Product_2034,248131,118462
Whse_J,Product_2035,37973,30895
Whse_J,Product_2036,86227,77407
Whse_J,Product_2037,19556,50
Whse_J,Product_2038,26689,6
Whse_J,Product_2039,51476,19
Whse_J,Product_2041,17388,1625
Whse_J,Product_2042,130968,121510
Whse_J,Product_2043,559302,212132
Whse_J,Product_2044,43145,39136
Whse_J,Product_2045,114425,40230
Whse_J,Product_2046,55429,31885
Whse_J,Product_2047,56302,24632
Whse_J,Product_2048,54189,32806
Whse_J,Product_2049,9666,325
Whse_J,Product_2050,24224,3322
Whse_J,Product_2061,19693,108
Whse_J,Product_2062,4693,179
Whse_J,Product_2063,31826,199
Whse_J,Product_2064,20083,93
Whse_J,Product_2065,187336,74
Whse_J,Product_2066,38793,135
Whse_J,Product_2067,19728,64
Whse_J,Product_2068,181053,67
Whse_J,Product_2069,30374,59
Whse_J,Product_2075,47536,199
Whse_J,Product_2076,48552,445
Whse_J,Product_2081,44794,667
Whse_J,Product_2082,55613,1387
Whse_J,Product_2088,6310,204
Whse_J,Product_2089,18069,449
Whse_J,Product_2091,29791,215
Whse_J,Product_2093,16295,185
Whse_J,Product_2094,67649,23
Whse_J,Product_2095,23314,204
Whse_J,Product_2096,2927,72
Whse_J,Product_2098,1729,455
Whse_J,Product_2100,7127,594
Whse_J,Product_2101,10436,1205
Whse_J,Product_2102,69858,174
Whse_J,Product_2103,2650,51
Whse_J,Product_2104,106784,72
Whse_J,Product_2105,10281,46
Whse_J,Product_2106,54381,86
Whse_J,Product_2109,37421,899
Whse_J,Product_2110,11299,408
Whse_J,Product_2111,10091,939
Whse_J,Product_2113,19076,472
Whse_J,Product_2114,32611,685
Whse_J,Product_2115,20892,119
Whse_J,Product_2116,113084,83
Whse_J,Product_2128,100802,194
Whse_J,Product_2131,10255,42
Whse_J,Product_2132,166646,308
Whse_J,Product_2134,83086,95
Whse_J,Product_2136,24000,189
Whse_J,Product_2138,12401,2565
Whse_J,Product_2140,40340,324
Whse_J,Product_2142,17690,267
Whse_J,Product_2143,26958,94
Whse_J,Product_2144,38690,140
Whse_J,Product_2148,34844,959
Whse_J,Product_2149,74799,4667
Whse_J,Product_2150,90556,1808
Whse_J,Product_2151,35482,8
Whse_J,Product_2152,70305,8
Whse_J,Product_2153,141625,567
Whse_J,Product_2154,103101,1389
Whse_J,Product_2155,43362,93
Whse_J,Product_2157,12054,57
Whse_J,Product_2158,50372,82
Whse_J,Product_2159,41824,459
Whse_J,Product_2160,48429,105
Whse_J,Product_2163,18255,107
Whse_J,Product_2166,19186,112
Whse_J,Product_2167,81442,577
Whse_J,Product_2168,86170,138
Whse_J,Product_2169,32824,72
Whse_J,Product_2171,23802,6
Whse_J,Product_2172,2557,895
Whse_S,Product_0002,261967,45983
Whse_S,Product_0003,19298,1087
Whse_S,Product_0012,121850,6824
Whse_S,Product_0021,86363,3837
Whse_S,Product_0031,30589,7384
Whse_S,Product_0033,84723,32283
Whse_S,Product_0034,49191,1526
Whse_S,Product_0036,68028,8430
Whse_S,Product_0050,135434,750
Whse_S,Product_0063,123669,101899
Whse_S,Product_0064,98290,36269
Whse_S,Product_0070,69272,21808
Whse_S,Product_0071,135722,110694
Whse_S,Product_0077,271385,260377
Whse_S,Product_0082,97657,75626
Whse_S,Product_0083,585577,499528
Whse_S,Product_0084,700963,549863
Whse_S,Product_0094,426074,107823
Whse_S,Product_0106,120800,157
Whse_S,Product_0110,43456,791
Whse_S,Product_0111,132978,228
Whse_S,Product_0112,127289,133
Whse_S,Product_0115,33301,1993
Whse_S,Product_0117,28373,379
Whse_S,Product_0118,68454,138
Whse_S,Product_0125,185481,11
Whse_S,Product_0130,272437,255
Whse_S,Product_0131,48083,428
Whse_S,Product_0140,29343,468
Whse_S,Product_0143,66854,12525
Whse_S,Product_0145,129058,111549
Whse_S,Product_0146,132047,78231
Whse_S,Product_0150,35862,31
Whse_S,Product_0151,139406,88
Whse_S,Product_0153,32249,449
Whse_S,Product_0154,38018,877
Whse_S,Product_0155,99925,853
Whse_S,Product_0158,65837,370
Whse_S,Product_0159,35559,30
Whse_S,Product_0162,3316,183
Whse_S,Product_0166,72615,341
Whse_S,Product_0172,192821,9
Whse_S,Product_0179,19389,2041
Whse_S,Product_0200,15244,1217
Whse_S,Product_0202,147218,4009
Whse_S,Product_0204,78590,926
Whse_S,Product_0206,120908,2122
Whse_S,Product_0209,105797,2524
Whse_S,Product_0213,124599,1035
Whse_S,Product_0214,18877,1352
Whse_S,Product_0215,37917,1245
Whse_S,Product_0219,10970,2017
Whse_S,Product_0225,21533,1074
Whse_S,Product_0226,4126,1488
Whse_S,Product_0227,21944,1219
Whse_S,Product_0229,6009,1207
Whse_S,Product_0231,21321,795
Whse_S,Product_0250,319808,683
Whse_S,Product_0261,41116,155
Whse_S,Product_0287,3694,1276
Whse_S,Product_0288,36785,1457
Whse_S,Product_0301,18091,257
Whse_S,Product_0304,131678,210
Whse_S,Product_0308,38896,325
Whse_S,Product_0321,5199,647
Whse_S,Product_0325,109179,38
Whse_S,Product_0333,15826,119
Whse_S,Product_0337,72099,32
Whse_S,Product_0342,99375,21
Whse_S,Product_0343,69646,146
Whse_S,Product_0349,56563,146
Whse_S,Product_0352,34540,60
Whse_S,Product_0353,127984,139
Whse_S,Product_0354,18339,41
Whse_S,Product_0366,355045,52823
Whse_S,Product_0368,242238,17849
Whse_S,Product_0371,2336504,12804
Whse_S,Product_0374,45474,17425
Whse_S,Product_0376,102113,12219
Whse_S,Product_0379,30167,17359
Whse_S,Product_0381,56404,20219
Whse_S,Product_0384,75190,7925
Whse_S,Product_0385,266307,16583
Whse_S,Product_0387,111850,25042
Whse_S,Product_0390,113834,23042
Whse_S,Product_0391,38345,6991
Whse_S,Product_0392,63410,10282
Whse_S,Product_0398,174947,34516
Whse_S,Product_0401,69124,34687
Whse_S,Product_0403,91614,22
Whse_S,Product_0404,64759,142
Whse_S,Product_0405,24133,118
Whse_S,Product_0411,95719,43599
Whse_S,Product_0412,14699,89
Whse_S,Product_0432,50841,8
Whse_S,Product_0435,27980,170
Whse_S,Product_0437,260455,654
Whse_S,Product_0438,17021,89
Whse_S,Product_0439,10045,375
Whse_S,Product_0440,181000,16
Whse_S,Product_0443,10597,134
Whse_S,Product_0445,80269,114
Whse_S,Product_0453,2679,119
Whse_S,Product_0455,1000,30
Whse_S,Product_0458,12352,77
Whse_S,Product_0460,67169,84
Whse_S,Product_0463,88848,63
Whse_S,Product_0464,31163,133
Whse_S,Product_0470,64180,23144
Whse_S,Product_0476,6932,1445
Whse_S,Product_0480,115852,5
Whse_S,Product_0486,37246,223
Whse_S,Product_0487,109218,56
Whse_S,Product_0495,2684,111
Whse_S,Product_0496,154032,50
Whse_S,Product_0505,87192,62
Whse_S,Product_0508,91448,30
Whse_S,Product_0511,133600,136
Whse_S,Product_0512,37521,91
Whse_S,Product_0514,5664,680
Whse_S,Product_0515,21001,44
Whse_S,Product_0516,20762,31
Whse_S,Product_0517,145110,105
Whse_S,Product_0518,132492,18
Whse_S,Product_0519,412762,11
Whse_S,Product_0520,38148,23
Whse_S,Product_0521,84495,20
Whse_S,Product_0522,47054,228
Whse_S,Product_0523,25763,193
Whse_S,Product_0524,14888,160
Whse_S,Product_0525,61577,15
Whse_S,Product_0526,30724,15
Whse_S,Product_0527,26201,5
Whse_S,Product_0528,167878,6
Whse_S,Product_0529,163241,60
Whse_S,Product_0530,689330,50
Whse_S,Product_0531,36180,27
Whse_S,Product_0532,29447,529
Whse_S,Product_0533,520972,58
Whse_S,Product_0534,122435,111
Whse_S,Product_0535,182408,161
Whse_S,Product_0536,42497,10
Whse_S,Product_0537,222316,18
Whse_S,Product_0538,37133,52
Whse_S,Product_0541,33605,60
Whse_S,Product_0543,91371,271
Whse_S,Product_0544,69217,32
Whse_S,Product_0549,79972,1464
Whse_S,Product_0551,27721,3834
Whse_S,Product_0552,191059,10358
Whse_S,Product_0553,23916,3834
Whse_S,Product_0554,189728,13245
Whse_S,Product_0556,12428,10025
Whse_S,Product_0557,179174,11993
Whse_S,Product_0558,33130,14620
Whse_S,Product_0560,244587,6658
Whse_S,Product_0561,269629,5707
Whse_S,Product_0562,245779,2376
Whse_S,Product_0563,270433,5811
Whse_S,Product_0566,46085,643
Whse_S,Product_0569,25170,151
Whse_S,Product_0570,56632,181
Whse_S,Product_0571,105475,78
Whse_S,Product_0572,10270,287
Whse_S,Product_0573,74345,36
Whse_S,Product_0575,107851,186
Whse_S,Product_0578,796200,21
Whse_S,Product_0579,51835,103
Whse_S,Product_0580,117130,68
Whse_S,Product_0583,53820,739
Whse_S,Product_0586,112493,318
Whse_S,Product_0587,173416,174
Whse_S,Product_0589,56447,6785
Whse_S,Product_0592,50063,561
Whse_S,Product_0593,139904,579
Whse_S,Product_0608,520449,30
Whse_S,Product_0609,143224,3
Whse_S,Product_0613,25232,23
Whse_S,Product_0614,22898,16
Whse_S,Product_0620,12482,20
Whse_S,Product_0621,146010,6
Whse_S,Product_0627,442625,17
Whse_S,Product_0639,60849,19
Whse_S,Product_0642,358806,32
Whse_S,Product_0643,147614,11
Whse_S,Product_0645,58179,35
Whse_S,Product_0664,306975,265
Whse_S,Product_0672,50425,39
Whse_S,Product_0677,79462,7945
Whse_S,Product_0685,2468,643
Whse_S,Product_0809,77277,32
Whse_S,Product_0824,179467,72
Whse_S,Product_0897,38247,7702
Whse_S,Product_0898,487342,904
Whse_S,Product_0905,44475,1060
Whse_S,Product_0909,104277,1936
Whse_S,Product_0910,417292,753
Whse_S,Product_0911,228622,1207
Whse_S,Product_0912,130841,207
Whse_S,Product_0913,88252,84
Whse_S,Product_0914,103085,1887
Whse_S,Product_0915,98504,3412
Whse_S,Product_0916,290608,1722
Whse_S,Product_0917,183706,190
Whse_S,Product_0918,124706,215
Whse_S,Product_0919,56011,178
Whse_S,Product_0920,277385,2435
Whse_S,Product_0921,28225,1243
Whse_S,Product_0922,65147,1857
Whse_S,Product_0923,475709,1720
Whse_S,Product_0924,81212,592
Whse_S,Product_0925,93357,1276
Whse_S,Product_0926,84295,1928
Whse_S,Product_0927,69982,493
Whse_S,Product_0935,17175,4870
Whse_S,Product_0936,98076,32760
Whse_S,Product_0945,78078,4
Whse_S,Product_0948,176034,29791
Whse_S,Product_0958,49453,13038
Whse_S,Product_0965,118931,8
Whse_S,Product_0966,107921,72
Whse_S,Product_0975,84734,9352
Whse_S,Product_0979,5819,2752
Whse_S,Product_0980,38739,15628
Whse_S,Product_0996,73628,23502
Whse_S,Product_0998,488668,9552
Whse_S,Product_1000,404225,6249
Whse_S,Product_1001,247507,5714
Whse_S,Product_1004,95557,1564
Whse_S,Product_1005,9662,9662
Whse_S,Product_1007,126019,4692
Whse_S,Product_1008,123517,18041
Whse_S,Product_1016,51372,31338
Whse_S,Product_1025,12230,49
Whse_S,Product_1052,324573,380
Whse_S,Product_1069,109473,5204
Whse_S,Product_1070,154405,77
Whse_S,Product_1071,70771,42
Whse_S,Product_1072,91409,317
Whse_S,Product_1076,84497,181
Whse_S,Product_1077,103148,1233
Whse_S,Product_1078,136140,67807
Whse_S,Product_1079,34857,1303
Whse_S,Product_1084,658549,550
Whse_S,Product_1085,146800,1875
Whse_S,Product_1086,120405,146
Whse_S,Product_1089,78564,34
Whse_S,Product_1090,163916,538
Whse_S,Product_1094,231923,24
Whse_S,Product_1101,167494,41967
Whse_S,Product_1108,73988,2624
Whse_S,Product_1109,67066,1986
Whse_S,Product_1118,141080,32
Whse_S,Product_1127,180451,17342
Whse_S,Product_1128,35531,11131
Whse_S,Product_1129,80038,7495
Whse_S,Product_1130,200809,904
Whse_S,Product_1133,517021,13116
Whse_S,Product_1135,254722,32094
Whse_S,Product_1144,264452,13
Whse_S,Product_1170,242137,23
Whse_S,Product_1172,117994,102
Whse_S,Product_1179,131043,17
Whse_S,Product_1182,450969,1077
Whse_S,Product_1183,43934,1443
Whse_S,Product_1185,174147,3149
Whse_S,Product_1195,147328,45883
Whse_S,Product_1208,518514,29
Whse_S,Product_1213,520203,4839
Whse_S,Product_1216,112808,25616
Whse_S,Product_1222,203812,2483
Whse_S,Product_1224,112387,21236
Whse_S,Product_1234,274076,83995
Whse_S,Product_1237,245781,92282
Whse_S,Product_1241,155640,53425
Whse_S,Product_1242,121733,50936
Whse_S,Product_1245,1116304,1014873
Whse_S,Product_1246,143357,8931
Whse_S,Product_1249,140754,2884
Whse_S,Product_1263,542594,380024
Whse_S,Product_1264,324593,125416
Whse_S,Product_1266,141909,17374
Whse_S,Product_1269,364588,87973
Whse_S,Product_1273,145284,21975
Whse_S,Product_1278,162240,68826
Whse_S,Product_1279,283838,32394
Whse_S,Product_1280,239379,36585
Whse_S,Product_1281,167962,66666
Whse_S,Product_1285,30931,17230
Whse_S,Product_1298,173709,3715
Whse_S,Product_1312,79033,3809
Whse_S,Product_1314,707343,6627
Whse_S,Product_1341,847364,204249
Whse_S,Product_1342,288945,163815
Whse_S,Product_1343,137007,20733
Whse_S,Product_1344,49114,6621
Whse_S,Product_1346,64581,8825
Whse_S,Product_1348,175850,37053
Whse_S,Product_1350,782549,55768
Whse_S,Product_1351,144769,11203
Whse_S,Product_1355,36270,35555
Whse_S,Product_1356,53377,45913
Whse_S,Product_1374,271615,24880
Whse_S,Product_1387,112459,3787
Whse_S,Product_1391,18396,4747
Whse_S,Product_1392,275107,6130
Whse_S,Product_1393,83543,41781
Whse_S,Product_1394,234726,128226
Whse_S,Product_1398,97759,32496
Whse_S,Product_1399,405353,23560
Whse_S,Product_1403,275143,55867
Whse_S,Product_1404,39107,19656
Whse_S,Product_1405,54896,2595
Whse_S,Product_1429,199088,6481
Whse_S,Product_1431,243494,51859
Whse_S,Product_1432,185727,100118
Whse_S,Product_1433,245563,1564
Whse_S,Product_1435,343985,50870
Whse_S,Product_1439,148052,23846
Whse_S,Product_1440,170892,7466
Whse_S,Product_1450,152448,12058
Whse_S,Product_1465,245831,16306
Whse_S,Product_1466,153300,15510
Whse_S,Product_1478,205572,3050
Whse_S,Product_1479,266052,12859
Whse_S,Product_1480,316407,165147
Whse_S,Product_1488,74524,5269
Whse_S,Product_1502,389029,154844
Whse_S,Product_1510,650497,47376
Whse_S,Product_1521,216560,48447
Whse_S,Product_1549,292359,6925
Whse_S,Product_1567,336855,71402
Whse_S,Product_1570,184857,174859
Whse_S,Product_1571,562433,54570
Whse_S,Product_1573,428783,35358
Whse_S,Product_1574,536838,120916
Whse_S,Product_1577,163349,83538
Whse_S,Product_1581,97359,17837
Whse_S,Product_1587,462889,4049
Whse_S,Product_1588,35578,5170
Whse_S,Product_1589,153158,6000
Whse_S,Product_1590,365547,513
Whse_S,Product_1591,33838,2568
Whse_S,Product_1593,2291640,2851
Whse_S,Product_1596,364194,10510
Whse_S,Product_1598,790394,4148
Whse_S,Product_1600,325926,8426
Whse_S,Product_1601,609239,14349
Whse_S,Product_1603,1122032,100034
Whse_S,Product_1604,47731,5064
Whse_S,Product_1605,1115283,1603
Whse_S,Product_1606,220564,2121
Whse_S,Product_1607,276953,5041
Whse_S,Product_1608,27986,6181
Whse_S,Product_1609,381576,2220
Whse_S,Product_1610,220078,5101
Whse_S,Product_1612,320895,8192
Whse_S,Product_1616,293135,12
Whse_S,Product_1617,201415,13
Whse_S,Product_1618,417023,18
Whse_S,Product_1619,54313,18
Whse_S,Product_1631,296798,6231
Whse_S,Product_1643,457390,28484
Whse_S,Product_1644,445803,4
Whse_S,Product_1645,293652,5
Whse_S,Product_1646,104047,10
Whse_S,Product_1671,237545,63
Whse_S,Product_1672,141570,48
Whse_S,Product_1675,52454,71
Whse_S,Product_1680,429312,37
Whse_S,Product_1688,107630,17
Whse_S,Product_1705,576776,34
Whse_S,Product_1719,346466,88
Whse_S,Product_1722,154147,22
Whse_S,Product_1723,720053,125
Whse_S,Product_1733,84230,10888
Whse_S,Product_1734,70096,3113
Whse_S,Product_1735,138729,12822
Whse_S,Product_1736,405610,4292
Whse_S,Product_1737,91931,10833
Whse_S,Product_1738,273159,2646
Whse_S,Product_1739,98267,12414
Whse_S,Product_1740,82963,6581
Whse_S,Product_1742,300923,4792
Whse_S,Product_1743,731087,10247
Whse_S,Product_1744,14537,6487
Whse_S,Product_1745,45868,787
Whse_S,Product_1746,485867,7233
Whse_S,Product_1747,3041150,785
Whse_S,Product_1766,1435419,24221
Whse_S,Product_1774,323438,32
Whse_S,Product_1786,245913,29
Whse_S,Product_1787,660150,32356
Whse_S,Product_1792,1075409,9
Whse_S,Product_1794,370216,13
Whse_S,Product_1799,503074,20
Whse_S,Product_1802,1053052,14
Whse_S,Product_1811,687505,26079
Whse_S,Product_1812,323792,115940
Whse_S,Product_1817,397135,137525
Whse_S,Product_1822,171001,23
Whse_S,Product_1824,325387,17031
Whse_S,Product_1825,317656,30376
Whse_S,Product_1833,834809,15788
Whse_S,Product_1839,658616,32373
Whse_S,Product_1845,97515,6207
Whse_S,Product_1846,122817,14652
Whse_S,Product_1847,295579,1920
Whse_S,Product_1859,241082,4
Whse_S,Product_1886,364075,14662
Whse_S,Product_1891,1146124,138
Whse_S,Product_1892,820541,72
Whse_S,Product_1902,85404,9980
Whse_S,Product_1903,1071199,2320
Whse_S,Product_1904,486882,63267
Whse_S,Product_1935,471698,12
Whse_S,Product_1969,199223,7819
Whse_S,Product_1970,386215,15063
Whse_S,Product_1983,865694,4799
Whse_S,Product_1986,162037,1234
Whse_S,Product_1989,631972,4543
Whse_S,Product_1997,847842,8986
Whse_S,Product_2001,73164,3822
Whse_S,Product_2004,342279,12137
Whse_S,Product_2009,382708,6598
Whse_S,Product_2019,894012,4468
Whse_S,Product_2021,417962,3452
Whse_S,Product_2022,674860,5626
Whse_S,Product_2072,596622,448
Whse_S,Product_2081,396769,497
Whse_S,Product_2082,269646,1356
Whse_S,Product_2083,542674,672
Whse_S,Product_2087,442389,169
Whse_S,Product_2088,110339,166
Whse_S,Product_2089,651028,471
Whse_S,Product_2090,606499,1016
Whse_S,Product_2093,250456,294
Whse_S,Product_2095,214718,418
Whse_S,Product_2097,129820,207
Whse_S,Product_2118,934345,221
Whse_S,Product_2124,679943,55
Whse_S,Product_2125,224522,27
Whse_S,Product_2126,896603,353
Whse_S,Product_2127,228243,61
Whse_S,Product_2128,859204,432
Whse_S,Product_2129,461224,514
Whse_S,Product_2131,469114,22
Whse_S,Product_2132,27110,672
Whse_S,Product_2133,448071,2068
Whse_S,Product_2135,1931921,4917
Whse_S,Product_2136,5289971,213
Whse_S,Product_2137,371251,1733
Whse_S,Product_2138,2702374,1441
Whse_S,Product_2139,581167,1092
Whse_S,Product_2141,733144,449
Whse_S,Product_2142,905558,180
Whse_S,Product_2143,460818,132
Whse_S,Product_2144,917920,90
Whse_S,Product_2145,861861,550
Whse_S,Product_2146,1017106,158
Whse_S,Product_2153,173472,612
Whse_S,Product_2154,157239,606
Whse_S,Product_2155,310409,241
Whse_S,Product_2156,3130881,91
Whse_S,Product_2157,1009736,46
Whse_S,Product_2158,1820766,34
Whse_S,Product_2159,5558544,259
Whse_S,Product_2160,5707372,61
Whse_S,Product_2161,2479371,62
Whse_S,Product_2162,923773,87
Whse_S,Product_2165,12136,46
Whse_S,Product_2166,163194,44
Whse_S,Product_2167,3422783,544
Whse_S,Product_2168,6066520,315
Whse_S,Product_2169,5349100,136
